'datetime', 'ocr_raw', 'count_of_car', 'count_of_motorcycle', 'count_of_heavy',
2025/11/04 12:00,12:01,14,15,0
2025/11/04 12:01,12:02,33,86,0
2025/11/04 12:02,12:03,66,130,0
2025/11/04 12:03,12:04,97,160,0
2025/11/04 12:04,12:05,111,254,0
2025/11/04 12:05,12:06,137,294,0
2025/11/04 12:06,12:07,167,326,1
2025/11/04 12:07,12:08,196,434,2
2025/11/04 12:08,12:09,237,484,4
2025/11/04 12:09,12:10,263,538,6
2025/11/04 12:10,12:56,263,538,6
2025/11/04 13:02,01:05,263,538,6
2025/11/04 13:05,01:08,263,538,6
2025/11/04 13:08,01:56,263,538,6
2025/11/04 14:00,02:01,34,45,0
2025/11/04 14:01,02:02,75,136,0
2025/11/04 14:02,02:03,108,182,0
2025/11/04 14:03,02:04,134,270,0
2025/11/04 14:04,02:05,161,322,1
2025/11/04 14:05,02:06,195,381,2
2025/11/04 14:06,02:07,225,457,2
2025/11/04 14:07,02:08,261,525,4
2025/11/04 14:08,02:09,297,587,4
2025/11/04 14:09,02:10,326,682,4
2025/11/04 14:10,02:56,326,682,4
2025/11/04 15:00,03:01,39,53,1
2025/11/04 15:01,03:02,71,100,1
2025/11/04 15:02,03:03,95,213,1
2025/11/04 15:03,03:04,128,260,1
2025/11/04 15:04,03:05,148,328,1
2025/11/04 15:05,03:06,189,424,2
2025/11/04 15:06,03:07,221,504,2
2025/11/04 15:07,03:08,248,594,3
2025/11/04 15:08,03:09,289,674,3
2025/11/04 15:09,03:10,332,739,4
2025/11/04 15:10,03:56,332,739,4
2025/11/04 16:00,04:01,25,83,0
2025/11/04 16:01,04:02,56,208,0
2025/11/04 16:02,04:03,98,278,0
2025/11/04 16:03,04:04,113,397,0
2025/11/04 16:04,04:05,152,482,2
2025/11/04 16:05,04:06,178,532,2
2025/11/04 16:06,04:07,205,697,2
2025/11/04 16:07,04:08,234,801,4
2025/11/04 16:08,04:09,264,865,5
2025/11/04 16:09,04:10,294,1016,5
2025/11/04 16:10,04:56,294,1016,5
2025/11/04 17:00,05:01,27,143,0
2025/11/04 17:01,05:02,71,222,0
2025/11/04 17:02,05:05,74,239,0
2025/11/04 17:05,05:06,77,280,0
2025/11/04 17:06,05:07,115,397,0
2025/11/04 17:07,05:08,138,477,0
2025/11/04 17:08,05:09,162,667,1
2025/11/04 17:09,05:10,200,788,1
2025/11/04 18:10,06:00,200,788,1
2025/11/04 18:00,06:01,9,17,0
2025/11/04 18:01,06:02,28,139,1
2025/11/04 18:02,06:03,62,208,1
2025/11/04 18:03,06:04,101,280,2
2025/11/04 18:04,06:05,115,373,2
2025/11/04 18:05,06:06,156,491,2
2025/11/04 18:06,06:07,187,548,2
2025/11/04 18:07,06:08,208,667,2
2025/11/04 18:08,06:09,246,769,3
2025/11/04 18:09,06:10,269,819,3
2025/11/04 19:10,07:00,269,819,3
2025/11/04 19:00,07:01,13,25,0
2025/11/04 19:01,07:02,34,90,0
2025/11/04 19:02,07:03,51,167,0
2025/11/04 19:03,07:04,77,215,1
2025/11/04 19:04,07:05,102,269,1
2025/11/04 19:05,07:06,119,363,1
2025/11/04 19:06,07:07,145,448,1
2025/11/04 19:07,07:08,167,498,1
2025/11/04 19:08,07:09,185,549,2
2025/11/04 19:09,07:10,205,648,2
2025/11/04 19:10,07:57,205,648,2
2025/11/04 20:00,08:03,11,39,0
2025/11/04 20:03,08:04,20,65,0
2025/11/04 20:04,08:05,46,135,0
2025/11/04 20:05,08:06,57,242,0
2025/11/04 20:06,08:07,78,319,0
2025/11/04 20:07,08:08,92,351,0
2025/11/04 20:08,08:09,92,351,0
2025/11/04 20:09,08:11,92,351,0
2025/11/04 21:00,09:01,7,48,0
2025/11/04 21:01,09:02,32,144,1
2025/11/04 21:02,09:03,55,203,1
2025/11/04 21:03,09:04,73,268,1
2025/11/04 21:04,09:05,87,320,1
2025/11/04 21:05,09:06,116,432,2
2025/11/04 21:06,09:07,143,498,2
2025/11/04 21:07,09:08,165,567,2
2025/11/04 21:08,09:09,183,646,2
2025/11/04 21:09,09:10,212,716,2
2025/11/04 21:10,09:57,212,716,2
2025/11/04 22:01,10:00,213,721,2
2025/11/04 22:00,10:01,12,86,0
2025/11/04 22:01,10:02,29,129,0
2025/11/04 22:02,10:03,47,197,0
2025/11/04 22:03,10:04,67,286,0
2025/11/04 22:04,10:05,87,358,0
2025/11/04 22:05,10:06,98,412,0
2025/11/04 22:06,10:07,124,516,0
2025/11/04 22:07,10:08,143,572,0
2025/11/04 22:08,10:09,154,641,0
2025/11/04 22:09,10:10,176,756,0
2025/11/04 22:10,10:11,192,790,0
2025/11/04 23:00,11:01,5,24,0
2025/11/04 23:01,11:02,17,89,0
2025/11/04 23:02,11:03,27,126,0
2025/11/04 23:03,11:04,34,163,2
2025/11/04 23:04,11:05,42,199,2
2025/11/04 23:05,11:06,48,241,2
2025/11/04 23:06,11:07,62,282,5
2025/11/04 23:07,11:08,68,321,7
2025/11/04 23:08,11:09,84,370,9
2025/11/04 23:09,11:10,97,420,9
2025/11/04 23:10,11:11,107,473,9
2025/11/05 00:00,12:01,2,18,0
2025/11/05 00:01,12:02,14,43,0
2025/11/05 00:02,12:03,18,58,0
2025/11/05 00:03,12:04,23,91,0
2025/11/05 00:04,12:05,34,118,1
2025/11/05 00:05,12:06,45,144,1
2025/11/05 00:06,12:07,51,186,1
2025/11/05 00:07,12:08,59,209,1
2025/11/05 00:08,12:09,65,244,1
2025/11/05 00:09,12:10,67,263,1
2025/11/05 00:10,12:56,67,263,1
2025/11/05 01:00,01:01,3,19,1
2025/11/05 01:01,01:02,4,27,1
2025/11/05 01:02,01:03,7,47,1
2025/11/05 01:03,01:04,16,64,2
2025/11/05 01:04,01:05,17,85,2
2025/11/05 01:05,01:06,19,92,2
2025/11/05 01:06,01:07,21,110,2
2025/11/05 01:07,01:08,30,127,3
2025/11/05 01:08,01:09,31,142,3
2025/11/05 01:09,01:10,34,157,3
2025/11/05 01:10,01:56,34,157,3
2025/11/05 02:00,02:01,4,11,0
2025/11/05 02:01,02:02,5,19,0
2025/11/05 02:02,02:03,11,29,0
2025/11/05 02:03,02:04,14,36,0
2025/11/05 02:04,02:05,19,52,0
2025/11/05 02:05,02:06,21,59,0
2025/11/05 02:06,02:07,25,66,0
2025/11/05 02:07,02:08,29,76,0
2025/11/05 02:08,02:09,29,86,0
2025/11/05 02:09,02:10,29,101,0
2025/11/05 02:10,02:56,29,101,0
2025/11/05 03:00,03:01,2,5,0
2025/11/05 03:01,03:02,4,10,0
2025/11/05 03:02,03:03,9,19,0
2025/11/05 03:03,03:04,10,28,0
2025/11/05 03:04,03:05,13,32,0
2025/11/05 03:05,03:06,16,36,0
2025/11/05 03:06,03:07,16,43,0
2025/11/05 03:07,03:08,20,53,0
2025/11/05 03:08,03:09,21,61,0
2025/11/05 03:09,03:10,22,72,0
2025/11/05 03:10,03:56,22,72,0
2025/11/05 04:00,04:01,3,8,0
2025/11/05 04:01,04:02,6,16,0
2025/11/05 04:02,04:03,10,25,0
2025/11/05 04:03,04:04,15,35,0
2025/11/05 04:04,04:05,17,45,0
2025/11/05 04:05,04:06,19,48,0
2025/11/05 04:06,04:07,20,62,0
2025/11/05 04:07,04:08,22,79,1
2025/11/05 04:08,04:09,22,81,1
2025/11/05 04:09,04:10,22,83,1
2025/11/05 04:10,04:56,22,83,1
2025/11/05 05:00,05:01,5,23,0
2025/11/05 05:01,05:02,6,48,0
2025/11/05 05:02,05:05,7,61,0
2025/11/05 05:05,05:08,7,61,0
2025/11/05 09:08,09:56,7,61,0
2025/11/05 06:00,06:01,9,60,0
2025/11/05 06:01,06:02,11,108,0
2025/11/05 06:02,06:03,20,159,0
2025/11/05 06:03,06:04,22,216,0
2025/11/05 06:04,06:05,29,283,0
2025/11/05 06:05,06:06,38,381,0
2025/11/05 06:06,06:07,49,422,1
2025/11/05 06:07,06:08,60,489,3
2025/11/05 06:08,06:09,63,541,3
2025/11/05 06:09,06:10,88,642,6
2025/11/05 06:10,06:56,88,642,6
2025/11/05 07:00,07:01,10,76,1
2025/11/05 07:01,07:02,21,110,1
2025/11/05 07:02,07:03,37,227,1
2025/11/05 07:03,07:04,61,275,1
2025/11/05 07:04,07:05,66,342,1
2025/11/05 07:05,07:06,92,406,4
2025/11/05 07:06,07:07,97,434,4
2025/11/05 07:07,07:08,113,537,4
2025/11/05 07:08,07:09,154,592,5
2025/11/05 07:09,07:10,159,622,5
2025/11/05 07:10,07:58,159,622,5
2025/11/05 08:00,08:01,12,91,0
2025/11/05 08:01,08:02,40,205,1
2025/11/05 08:02,08:03,61,267,1
2025/11/05 08:03,08:04,88,377,1
2025/11/05 08:04,08:05,115,518,2
2025/11/05 08:05,08:06,122,561,3
2025/11/05 08:06,08:07,147,708,3
2025/11/05 08:07,08:08,165,780,3
2025/11/05 08:08,08:09,176,882,3
2025/11/05 08:09,08:10,210,986,5
2025/11/05 08:10,08:11,213,992,5
2025/11/05 09:00,09:01,28,97,0
2025/11/05 09:01,09:02,40,127,0
2025/11/05 09:02,09:03,61,198,1
2025/11/05 09:03,09:04,93,287,2
2025/11/05 09:04,09:05,102,319,2
2025/11/05 09:05,09:06,116,387,2
2025/11/05 09:06,09:07,144,487,2
2025/11/05 09:07,09:08,157,522,2
2025/11/05 09:08,09:09,165,552,2
2025/11/05 09:09,09:10,197,688,2
2025/11/05 09:10,09:58,197,688,2
2025/11/05 10:01,10:00,199,690,2
2025/11/05 10:00,10:01,22,65,1
2025/11/05 10:01,10:02,32,119,1
2025/11/05 10:02,10:03,62,199,4
2025/11/05 10:03,10:04,80,239,4
2025/11/05 10:04,10:05,89,299,4
2025/11/05 10:05,10:06,125,380,4
2025/11/05 10:06,10:07,134,423,4
2025/11/05 10:07,10:08,153,485,4
2025/11/05 10:08,10:09,184,560,5
2025/11/05 10:09,10:10,206,601,5
2025/11/05 10:10,10:58,206,601,5
2025/11/05 11:00,11:01,22,87,0
2025/11/05 11:01,11:02,43,120,0
2025/11/05 11:02,11:03,79,175,5
2025/11/05 11:03,11:04,114,291,7
2025/11/05 11:04,11:05,144,332,10
2025/11/05 11:05,11:06,158,401,10
2025/11/05 11:06,11:07,183,456,12
2025/11/05 11:07,11:08,226,516,12
2025/11/05 11:08,11:09,249,576,12
2025/11/05 11:09,11:10,278,648,13
2025/11/05 11:10,11:11,284,660,13
2025/11/05 12:00,12:01,30,42,0
2025/11/05 12:01,12:02,66,127,0
2025/11/05 12:02,12:03,97,188,0
2025/11/05 12:03,12:04,143,233,0
2025/11/05 12:04,12:05,171,324,1
2025/11/05 12:05,12:06,214,390,3
2025/11/05 12:06,12:07,248,420,4
2025/11/05 12:07,12:08,278,518,4
2025/11/05 12:08,12:09,306,566,4
2025/11/05 12:09,12:10,336,602,4
2025/11/05 12:10,12:58,336,602,4
2025/11/05 13:01,01:04,336,602,4
2025/11/05 13:04,01:07,336,602,4
2025/11/05 13:07,01:10,336,602,4
2025/11/05 13:10,01:58,336,602,4
2025/11/05 14:00,02:01,20,37,0
2025/11/05 14:01,02:02,54,74,2
2025/11/05 14:02,02:03,83,102,4
2025/11/05 14:03,02:04,118,158,4
2025/11/05 14:04,02:05,153,202,4
2025/11/05 14:05,02:06,186,229,4
2025/11/05 14:06,02:07,193,256,4
2025/11/05 14:07,02:08,229,313,6
2025/11/05 14:08,02:09,274,328,7
2025/11/05 14:09,02:10,296,359,8
2025/11/05 14:10,02:58,296,359,8
2025/11/05 15:00,03:01,38,37,1
2025/11/05 15:01,03:02,54,55,1
2025/11/05 15:02,03:03,78,106,1
2025/11/05 15:03,03:04,112,141,2
2025/11/05 15:04,03:05,136,166,4
2025/11/05 15:05,03:06,165,212,6
2025/11/05 15:06,03:07,188,240,8
2025/11/05 15:07,03:08,223,281,9
2025/11/05 15:08,03:09,252,313,10
2025/11/05 15:09,03:10,276,333,11
2025/11/05 15:10,03:58,276,333,11
2025/11/05 16:00,04:01,40,45,0
2025/11/05 16:01,04:02,66,142,1
2025/11/05 16:02,04:03,100,188,1
2025/11/05 16:03,04:04,127,276,1
2025/11/05 16:04,04:05,156,329,4
2025/11/05 16:05,04:06,194,359,6
2025/11/05 16:06,04:07,217,460,6
2025/11/05 16:07,04:08,256,508,7
2025/11/05 16:08,04:09,282,537,9
2025/11/05 16:09,04:10,308,636,9
2025/11/05 16:10,04:58,308,636,9
2025/11/05 17:00,05:01,36,122,0
2025/11/05 17:01,05:02,58,169,0
2025/11/05 17:02,05:03,82,235,1
2025/11/05 17:03,05:04,117,361,2
2025/11/05 17:04,05:05,143,410,4
2025/11/05 17:05,05:06,166,503,4
2025/11/05 17:06,05:07,200,572,5
2025/11/05 17:07,05:10,214,607,5
2025/11/05 21:10,09:56,214,607,5
2025/11/05 18:02,06:04,214,607,5
2025/11/05 18:04,06:05,214,608,5
2025/11/05 18:05,06:06,227,679,6
2025/11/05 18:06,06:07,240,722,6
2025/11/05 18:07,06:08,262,813,6
2025/11/07 17:08,05:03,283,854,6
2025/11/07 17:03,05:04,292,916,6
2025/11/07 17:04,05:05,315,1074,7
2025/11/07 17:05,05:06,344,1155,8
2025/11/07 17:06,05:07,376,1264,8
2025/11/07 17:07,05:08,399,1394,8
2025/11/07 17:08,05:09,420,1524,8
2025/11/07 17:09,05:10,454,1649,8
2025/11/07 21:10,09:56,454,1649,8
2025/11/07 18:00,06:01,45,52,2
2025/11/07 18:01,06:02,64,190,2
2025/11/07 18:02,06:03,93,247,2
2025/11/07 18:03,06:04,131,325,2
2025/11/07 18:04,06:05,147,434,2
2025/11/07 18:05,06:06,179,534,2
2025/11/07 18:06,06:07,212,600,2
2025/11/07 18:07,06:08,246,729,2
2025/11/07 18:08,06:09,271,815,2
2025/11/07 18:09,06:10,303,903,2
2025/11/07 18:10,06:56,303,903,2
2025/11/07 19:00,07:01,29,95,0
2025/11/07 19:01,07:02,55,181,0
2025/11/07 19:02,07:03,86,243,1
2025/11/07 19:03,07:04,97,321,1
2025/11/07 19:04,07:05,126,403,1
2025/11/07 19:05,07:06,154,463,1
2025/11/07 19:06,07:07,186,530,1
2025/11/07 19:07,07:08,219,642,1
2025/11/07 19:08,07:09,257,717,1
2025/11/07 19:09,07:10,278,771,1
2025/11/07 19:10,07:56,278,771,1
2025/11/07 20:00,08:01,28,65,0
2025/11/07 20:01,08:02,52,121,0
2025/11/07 20:02,08:03,81,202,1
2025/11/07 20:03,08:04,100,242,2
2025/11/07 20:04,08:05,133,352,3
2025/11/07 20:05,08:06,157,418,4
2025/11/07 20:06,08:07,180,476,4
2025/11/07 20:07,08:08,196,572,5
2025/11/07 20:08,08:09,222,630,5
2025/11/07 20:09,08:10,242,700,5
2025/11/02 22:01,10:00,0,1,0
2025/11/02 22:00,10:01,16,43,0
2025/11/02 22:01,10:02,27,86,0
2025/11/02 22:02,10:03,43,186,0
2025/11/02 22:03,10:04,59,220,0
2025/11/02 22:04,10:05,75,263,0
2025/11/02 22:05,10:06,91,332,0
2025/11/02 22:06,10:09,100,367,0
2025/11/02 22:09,10:10,109,413,0
2025/11/02 22:10,10:56,109,413,0
2025/11/02 23:00,11:01,6,48,0
2025/11/02 23:01,11:02,26,84,0
2025/11/02 23:02,11:03,32,102,0
2025/11/02 23:03,11:04,43,168,0
2025/11/02 23:04,11:05,56,221,0
2025/11/02 23:05,11:06,63,263,0
2025/11/02 23:06,11:07,73,309,0
2025/11/02 23:07,11:08,83,351,0
2025/11/02 23:08,11:09,92,409,0
2025/11/02 23:09,11:10,110,461,1
2025/11/02 23:10,11:56,110,461,1
2025/11/03 00:00,12:01,5,13,0
2025/11/03 00:01,12:02,11,49,0
2025/11/03 00:02,12:03,16,81,0
2025/11/03 00:03,12:04,23,117,0
2025/11/03 00:04,12:05,29,153,0
2025/11/03 00:05,12:06,40,178,0
2025/11/03 00:06,12:07,42,219,0
2025/11/03 00:07,12:08,49,255,0
2025/11/03 00:08,12:09,55,288,0
2025/11/03 00:09,12:10,62,308,0
2025/11/03 00:10,12:56,62,308,0
2025/11/03 01:00,01:01,3,18,0
2025/11/03 01:01,01:02,6,26,0
2025/11/03 01:02,01:03,12,41,0
2025/11/03 01:03,01:04,17,54,1
2025/11/03 01:04,01:05,17,64,1
2025/11/03 01:05,01:06,22,79,1
2025/11/03 01:06,01:07,26,93,1
2025/11/03 01:07,01:08,28,108,1
2025/11/03 01:08,01:09,30,127,1
2025/11/03 01:09,01:10,31,140,1
2025/11/03 01:10,01:56,31,140,1
2025/11/03 02:00,02:01,2,13,0
2025/11/03 02:01,02:02,3,21,0
2025/11/03 02:02,02:03,5,34,0
2025/11/03 02:03,02:04,6,43,0
2025/11/03 02:04,02:05,9,51,0
2025/11/03 02:05,02:06,11,62,0
2025/11/03 02:06,02:07,15,74,0
2025/11/03 02:07,02:08,21,91,0
2025/11/03 02:08,02:09,23,102,0
2025/11/03 02:09,02:10,25,111,0
2025/11/03 02:10,02:56,25,111,0
2025/11/03 03:00,03:01,3,12,0
2025/11/03 03:01,03:02,3,18,0
2025/11/03 03:02,03:03,4,25,0
2025/11/03 03:03,03:04,7,35,0
2025/11/03 03:04,03:05,8,37,0
2025/11/03 03:05,03:06,10,41,0
2025/11/03 03:06,03:07,13,48,0
2025/11/03 03:07,03:08,13,60,0
2025/11/03 03:08,03:56,13,60,0
2025/11/03 04:00,04:01,3,3,0
2025/11/03 04:01,04:02,8,9,0
2025/11/03 04:02,04:03,9,19,0
2025/11/03 04:03,04:04,9,29,0
2025/11/03 04:04,04:05,12,37,0
2025/11/03 04:05,04:06,12,41,0
2025/11/03 04:06,04:07,12,49,0
2025/11/03 04:07,04:08,14,71,0
2025/11/03 04:08,04:09,15,73,0
2025/11/03 04:09,04:10,16,79,0
2025/11/03 04:10,04:56,16,79,0
2025/11/03 05:00,05:01,3,21,0
2025/11/03 05:01,05:02,6,30,0
2025/11/03 05:02,05:03,9,50,0
2025/11/03 05:03,05:04,13,72,0
2025/11/03 05:04,05:05,16,83,0
2025/11/03 05:05,05:06,19,108,0
2025/11/03 05:06,05:07,26,137,0
2025/11/03 05:07,05:08,33,163,0
2025/11/03 05:08,05:09,38,182,0
2025/11/03 05:09,05:10,43,196,0
2025/11/03 09:10,09:56,43,196,0
2025/11/03 06:00,06:01,15,53,0
2025/11/03 06:01,06:02,23,84,0
2025/11/03 06:02,06:03,31,127,0
2025/11/03 06:03,06:04,35,164,0
2025/11/03 06:04,06:05,46,206,1
2025/11/03 06:05,06:06,51,288,1
2025/11/03 06:06,06:07,62,337,1
2025/11/03 06:07,06:08,73,416,2
2025/11/03 06:08,06:09,80,464,2
2025/11/03 06:09,06:10,93,561,2
2025/11/03 06:10,06:56,93,561,2
2025/11/03 07:00,07:01,14,73,0
2025/11/03 07:01,07:02,34,101,0
2025/11/03 07:02,07:03,49,214,0
2025/11/03 07:03,07:04,61,254,0
2025/11/03 07:04,07:05,73,330,0
2025/11/03 07:05,07:06,95,385,0
2025/11/03 07:06,07:07,100,411,0
2025/11/03 07:07,07:08,121,511,0
2025/11/03 07:08,07:09,135,564,0
2025/11/03 07:09,07:10,143,586,0
2025/11/03 07:10,07:56,143,586,0
2025/11/03 08:00,08:01,8,64,0
2025/11/03 08:01,08:02,34,189,0
2025/11/03 08:02,08:03,59,259,1
2025/11/03 08:03,08:04,74,367,1
2025/11/03 08:04,08:05,101,459,1
2025/11/03 08:05,08:06,112,507,3
2025/11/03 08:06,08:07,133,595,5
2025/11/03 08:07,08:08,178,683,6
2025/11/03 08:08,08:09,191,756,6
2025/11/03 08:09,08:10,218,862,6
2025/11/03 08:10,08:57,218,862,6
2025/11/03 09:00,09:01,27,76,0
2025/11/03 09:01,09:02,34,105,0
2025/11/03 09:02,09:03,54,186,0
2025/11/03 09:03,09:04,83,259,1
2025/11/03 09:04,09:05,92,289,1
2025/11/03 09:05,09:06,106,358,1
2025/11/03 09:06,09:07,140,453,2
2025/11/03 09:07,09:08,162,502,2
2025/11/03 09:08,09:09,170,527,2
2025/11/03 09:09,09:10,195,621,3
2025/11/03 09:10,09:11,219,682,3
2025/11/03 10:01,10:00,219,684,3
2025/11/03 10:00,10:01,22,96,2
2025/11/03 10:01,10:02,57,157,2
2025/11/03 10:02,10:03,68,184,2
2025/11/03 10:03,10:04,79,245,2
2025/11/03 10:04,10:05,105,341,2
2025/11/03 10:05,10:06,126,386,3
2025/11/03 10:06,10:07,134,407,4
2025/11/03 10:07,10:08,151,496,4
2025/11/03 10:08,10:09,187,577,5
2025/11/03 10:09,10:10,212,614,5
2025/11/03 10:10,10:11,221,671,6
2025/11/03 11:00,11:01,8,13,0
2025/11/03 11:01,11:02,34,59,2
2025/11/03 11:02,11:03,53,128,2
2025/11/03 11:03,11:04,77,194,2
2025/11/03 11:04,11:05,107,245,3
2025/11/03 11:05,11:06,118,311,4
2025/11/03 11:06,11:07,159,390,4
2025/11/03 11:07,11:08,180,443,6
2025/11/03 11:08,11:09,195,512,7
2025/11/03 11:09,11:10,223,593,10
2025/11/03 11:10,11:56,223,593,10
2025/11/03 12:00,12:01,31,22,1
2025/11/03 12:01,12:02,57,62,2
2025/11/03 12:02,12:03,87,90,2
2025/11/03 12:03,12:04,112,121,4
2025/11/03 12:04,12:05,136,181,4
2025/11/03 12:05,12:06,165,223,5
2025/11/03 12:06,12:07,192,252,7
2025/11/03 12:07,12:08,214,334,8
2025/11/03 12:08,12:09,235,363,10
2025/11/03 12:09,12:10,269,416,10
2025/11/03 12:10,12:56,269,416,10
2025/11/03 13:02,01:05,269,416,10
2025/11/03 13:05,01:08,269,416,10
2025/11/03 13:08,01:11,269,416,10
2025/11/03 14:00,02:01,29,32,1
2025/11/03 14:01,02:02,64,112,1
2025/11/03 14:02,02:03,95,162,1
2025/11/03 14:03,02:04,122,224,3
2025/11/03 14:04,02:05,159,303,5
2025/11/03 14:05,02:06,195,366,5
2025/11/03 14:06,02:07,227,429,5
2025/11/03 14:07,02:08,257,511,5
2025/11/03 14:08,02:09,285,542,6
2025/11/03 14:09,02:10,304,623,7
2025/11/03 14:10,02:56,304,623,7
2025/11/03 15:00,03:01,45,83,1
2025/11/03 15:01,03:02,67,132,2
2025/11/03 15:02,03:03,89,224,2
2025/11/03 15:03,03:04,126,303,3
2025/11/03 15:04,03:05,158,372,6
2025/11/03 15:05,03:06,185,457,6
2025/11/03 15:06,03:07,225,513,8
2025/11/03 15:07,03:08,250,617,8
2025/11/03 15:08,03:09,280,684,9
2025/11/03 15:09,03:10,314,748,10
2025/11/03 15:10,03:56,314,748,10
2025/11/03 16:00,04:01,37,86,0
2025/11/03 16:01,04:02,66,212,0
2025/11/03 16:02,04:03,100,249,0
2025/11/03 16:03,04:04,121,346,0
2025/11/03 16:04,04:05,149,435,3
2025/11/03 16:05,04:06,195,502,4
2025/11/03 16:06,04:07,217,653,4
2025/11/03 16:07,04:08,260,731,5
2025/11/03 16:08,04:09,280,789,5
2025/11/03 16:09,04:10,308,952,5
2025/11/03 16:10,04:56,308,952,5
2025/11/03 17:00,05:01,32,167,1
2025/11/03 17:01,05:02,66,232,1
2025/11/03 17:02,05:03,89,407,1
2025/11/03 17:03,05:04,119,480,1
2025/11/03 17:04,05:05,148,587,1
2025/11/03 17:05,05:06,164,779,2
2025/11/03 17:06,05:07,210,877,2
2025/11/03 17:07,05:08,237,989,2
2025/11/03 17:08,05:09,256,1189,2
2025/11/03 17:09,05:10,288,1294,2
2025/11/03 21:10,09:56,288,1294,2
2025/11/03 18:00,06:01,23,68,0
2025/11/03 18:01,06:02,45,184,0
2025/11/03 18:02,06:03,74,262,0
2025/11/03 18:03,06:04,88,320,0
2025/11/03 18:04,06:05,114,462,0
2025/11/03 18:05,06:06,136,563,0
2025/11/03 18:06,06:07,156,618,0
2025/11/03 18:07,06:08,176,718,0
2025/11/03 18:08,06:09,200,809,0
2025/11/03 18:09,06:10,230,875,1
2025/11/03 18:10,06:59,230,875,1
2025/11/03 19:00,07:01,25,80,1
2025/11/03 19:01,07:02,49,138,1
2025/11/03 19:02,07:03,62,195,1
2025/11/03 19:03,07:04,92,260,1
2025/11/03 19:04,07:05,118,314,1
2025/11/03 19:05,07:06,131,379,1
2025/11/03 19:06,07:07,165,455,2
2025/11/03 19:07,07:08,177,515,2
2025/11/03 19:08,07:09,186,595,2
2025/11/03 19:09,07:10,207,675,3
2025/11/03 19:10,07:56,207,675,3
2025/11/03 20:00,08:01,23,59,0
2025/11/03 20:01,08:02,36,141,0
2025/11/03 20:02,08:03,58,197,0
2025/11/03 20:03,08:04,87,258,0
2025/11/03 20:04,08:05,105,346,0
2025/11/03 20:05,08:06,126,407,1
2025/11/03 20:06,08:07,148,460,1
2025/11/03 20:07,08:08,160,556,1
2025/11/03 20:08,08:09,184,603,1
2025/11/03 20:09,08:10,201,650,1
2025/11/03 20:10,08:56,201,650,1
2025/11/03 21:00,09:01,21,47,0
2025/11/03 21:00,09:01,21,47,0
2025/11/03 21:01,09:02,40,132,0
2025/11/03 21:02,09:03,62,165,0
2025/11/03 21:03,09:04,78,233,1
2025/11/03 21:04,09:05,92,309,1
2025/11/03 21:05,09:06,116,374,2
2025/11/03 21:06,09:07,134,415,2
2025/11/03 21:07,09:08,147,501,2
2025/11/03 21:08,09:09,166,567,2
2025/11/03 21:09,09:10,184,615,2
2025/11/03 21:10,09:56,184,615,2
2025/11/03 22:01,10:00,185,616,2
2025/11/03 22:00,10:01,18,45,0
2025/11/03 22:01,10:02,34,115,0
2025/11/03 22:02,10:05,51,148,0
2025/11/03 22:05,10:06,52,153,0
2025/11/03 22:06,10:07,65,225,0
2025/11/03 22:07,10:08,77,290,0
2025/11/03 22:08,10:09,89,340,1
2025/11/03 22:09,10:10,102,414,1
2025/11/03 22:10,10:56,102,414,1
2025/11/03 23:02,11:03,102,414,1
2025/11/03 23:03,11:04,102,414,1
2025/11/03 23:04,11:05,104,421,1
2025/11/03 23:05,11:06,105,431,1
2025/11/03 23:06,11:07,108,447,1
2025/11/03 23:07,11:08,109,465,1
2025/11/03 23:08,11:09,111,475,1
2025/11/03 23:09,11:10,113,490,1
2025/11/03 23:10,11:56,113,490,1
2025/11/04 00:00,12:01,0,5,0
2025/11/04 00:01,12:02,1,6,0
2025/11/04 00:02,12:03,1,12,0
2025/11/04 00:03,12:04,2,29,0
2025/11/04 00:04,12:05,2,40,0
2025/11/04 00:05,12:06,2,50,0
2025/11/04 00:06,12:07,3,55,0
2025/11/04 00:07,12:08,3,75,0
2025/11/04 00:08,12:09,3,95,0
2025/11/04 00:09,12:10,4,105,0
2025/11/04 00:10,12:56,4,105,0
2025/11/04 01:00,01:01,0,0,0
2025/11/04 01:01,01:02,1,10,0
2025/11/04 01:02,01:03,1,15,0
2025/11/04 01:03,01:04,1,19,0
2025/11/04 01:04,01:05,2,24,0
2025/11/04 01:05,01:06,2,26,0
2025/11/04 01:06,01:07,3,30,0
2025/11/04 01:07,01:08,3,32,0
2025/11/04 01:08,01:09,7,37,0
2025/11/04 01:09,01:10,7,43,0
2025/11/04 01:10,01:56,7,43,0
2025/11/04 02:00,02:01,0,3,0
2025/11/04 02:01,02:02,0,8,0
2025/11/04 02:02,02:03,0,10,0
2025/11/04 02:03,02:04,1,16,0
2025/11/04 02:04,02:05,1,20,0
2025/11/04 02:05,02:06,1,27,0
2025/11/04 02:06,02:07,1,33,0
2025/11/04 02:07,02:08,1,41,0
2025/11/04 02:08,02:09,1,42,0
2025/11/04 02:09,02:10,2,47,0
2025/11/04 02:10,02:56,2,47,0
2025/11/04 03:00,03:01,0,4,0
2025/11/04 03:01,03:02,0,8,0
2025/11/04 03:02,03:03,0,16,0
2025/11/04 03:03,03:04,0,22,0
2025/11/04 03:04,03:05,0,30,0
2025/11/04 03:05,03:06,0,41,0
2025/11/04 03:06,03:07,1,42,0
2025/11/04 03:07,03:08,2,46,0
2025/11/04 03:08,03:09,2,50,0
2025/11/04 03:09,03:10,2,53,0
2025/11/04 03:10,03:56,2,53,0
2025/11/04 04:00,04:01,0,0,0
2025/11/04 04:01,04:02,0,3,0
2025/11/04 04:02,04:03,0,5,0
2025/11/04 04:03,04:04,1,7,0
2025/11/04 04:04,04:05,1,8,0
2025/11/04 04:05,04:06,1,11,0
2025/11/04 04:06,04:07,1,17,0
2025/11/04 04:07,04:08,1,22,0
2025/11/04 04:08,04:09,1,25,0
2025/11/04 04:09,04:10,2,28,0
2025/11/04 04:10,04:56,2,28,0
2025/11/04 05:02,05:03,3,29,0
2025/11/04 05:03,05:04,5,57,0
2025/11/04 05:04,05:05,8,81,0
2025/11/04 05:05,05:06,13,89,0
2025/11/04 05:06,05:07,14,113,0
2025/11/04 05:07,05:08,19,143,0
2025/11/04 05:08,05:09,20,151,0
2025/11/04 05:09,05:10,21,167,0
2025/11/04 09:10,09:56,21,167,0
2025/11/04 06:00,06:01,9,32,0
2025/11/04 06:01,06:02,16,59,0
2025/11/04 06:02,06:03,20,83,1
2025/11/04 06:03,06:04,23,128,1
2025/11/04 06:04,06:05,27,166,1
2025/11/04 06:05,06:56,29,205,1
2025/11/04 07:00,07:01,9,91,1
2025/11/04 07:01,07:02,31,144,2
2025/11/04 07:02,07:03,47,233,4
2025/11/04 07:03,07:04,65,282,5
2025/11/04 07:04,07:05,77,353,5
2025/11/04 07:05,07:06,111,482,5
2025/11/04 07:06,07:07,132,520,5
2025/11/04 07:07,07:08,154,592,5
2025/11/04 07:08,07:09,173,656,6
2025/11/04 07:09,07:10,188,686,7
2025/11/04 07:10,07:56,188,686,7
2025/11/04 08:00,08:01,12,71,0
2025/11/04 08:01,08:02,41,209,1
2025/11/04 08:02,08:03,56,252,1
2025/11/04 08:03,08:04,75,354,1
2025/11/04 08:04,08:05,107,480,2
2025/11/04 08:05,08:06,122,542,2
2025/11/04 08:06,08:07,152,674,2
2025/11/04 08:07,08:08,176,739,2
2025/11/04 08:08,08:09,185,800,2
2025/11/04 08:09,08:10,211,937,2
2025/11/04 08:10,08:56,211,937,2
2025/11/04 09:00,09:01,26,66,1
2025/11/04 09:01,09:02,34,91,1
2025/11/04 09:02,09:03,53,148,2
2025/11/04 09:03,09:04,84,227,3
2025/11/04 09:04,09:05,92,263,3
2025/11/04 09:05,09:06,105,299,3
2025/11/04 09:06,09:07,131,404,3
2025/11/04 09:07,09:08,150,437,5
2025/11/04 09:08,09:09,154,471,5
2025/11/04 09:09,09:10,176,600,5
2025/11/04 09:10,09:56,176,600,5
2025/11/04 10:01,10:00,176,601,5
2025/11/04 10:00,10:01,6,44,1
2025/11/04 10:01,10:02,27,102,1
2025/11/04 10:02,10:03,59,183,1
2025/11/04 10:03,10:04,80,248,1
2025/11/04 10:04,10:05,92,328,1
2025/11/04 10:05,10:06,121,394,1
2025/11/04 10:06,10:07,142,431,1
2025/11/04 10:07,10:08,153,511,1
2025/11/04 10:08,10:09,185,572,1
2025/11/04 10:09,10:10,218,633,1
2025/11/04 11:10,11:01,218,633,1
2025/11/04 11:01,11:02,234,655,1
2025/11/04 11:02,11:03,267,706,3
2025/11/04 11:03,11:04,299,792,6
2025/11/04 11:04,11:05,336,827,9
2025/11/04 11:05,11:06,361,909,9
2025/11/04 11:06,11:07,397,1007,10
2025/11/04 11:07,11:08,427,1040,12
2025/11/04 11:08,11:09,448,1125,12
2025/11/04 11:09,11:10,482,1209,16
2025/11/04 11:10,11:11,485,1219,16
2025/11/05 07:00,07:01,7,40,0
2025/11/05 07:01,07:02,14,69,0
2025/11/05 07:02,07:03,29,196,0
2025/11/05 07:03,07:04,49,233,0
2025/11/05 07:04,07:05,52,291,0
2025/11/05 07:05,07:06,80,367,3
2025/11/05 07:06,07:07,86,391,3
2025/11/05 07:07,07:08,101,486,3
2025/11/05 07:08,07:09,143,544,4
2025/11/05 07:09,07:10,148,577,4
2025/11/05 07:10,07:11,176,696,4
2025/11/05 11:06,11:07,319,1040,13
2025/11/05 11:07,11:08,355,1098,13
2025/11/05 11:08,11:09,378,1157,13
2025/11/05 11:09,11:10,406,1231,14
2025/11/05 11:10,11:11,412,1246,14
2025/11/05 18:05,06:06,415,1253,14
2025/11/05 18:06,06:07,425,1288,14
2025/11/05 18:07,06:08,446,1377,14
2025/11/05 18:08,06:09,465,1412,14
2025/11/05 18:09,06:10,484,1439,14
2025/11/05 18:10,06:57,484,1439,14
2025/11/05 19:00,07:01,22,16,0
2025/11/05 19:01,07:02,53,95,0
2025/11/05 19:02,07:03,92,133,1
2025/11/05 19:03,07:04,118,215,1
2025/11/05 19:04,07:05,133,259,1
2025/11/05 19:05,07:06,167,307,1
2025/11/05 19:06,07:07,191,371,1
2025/11/05 19:07,07:08,228,419,1
2025/11/05 19:08,07:09,239,450,1
2025/11/05 19:09,07:10,266,521,1
2025/11/05 19:10,07:11,278,539,1
2025/11/05 20:00,08:01,16,33,0
2025/11/05 20:01,08:02,30,74,0
2025/11/05 20:02,08:03,52,88,2
2025/11/05 20:03,08:04,76,147,2
2025/11/05 20:04,08:05,91,177,2
2025/11/05 20:05,08:06,106,200,2
2025/11/05 20:06,08:07,127,266,2
2025/11/05 20:07,08:08,146,315,2
2025/11/05 20:08,08:09,165,348,4
2025/11/05 20:09,08:10,175,410,4
2025/11/05 20:10,08:57,175,410,4
2025/11/05 21:00,09:01,29,31,0
2025/11/05 21:01,09:02,44,99,0
2025/11/05 21:02,09:03,66,138,0
2025/11/05 21:03,09:04,89,168,0
2025/11/05 21:04,09:05,107,224,0
2025/11/05 21:05,09:06,129,263,0
2025/11/05 21:06,09:07,149,288,0
2025/11/05 21:07,09:08,171,336,0
2025/11/05 21:08,09:09,195,392,0
2025/11/05 21:09,09:10,224,438,0
2025/11/05 21:10,09:11,226,452,0
2025/11/05 22:01,10:00,226,452,0
2025/11/05 22:00,10:01,13,37,0
2025/11/05 22:01,10:02,40,72,0
2025/11/05 22:02,10:03,51,102,0
2025/11/05 22:03,10:04,63,146,0
2025/11/05 22:04,10:05,91,195,0
2025/11/05 22:05,10:06,107,216,0
2025/11/05 22:06,10:07,121,247,0
2025/11/05 22:07,10:08,143,296,0
2025/11/05 22:08,10:09,160,326,0
2025/11/05 22:09,10:10,172,380,0
2025/11/05 22:10,10:57,172,380,0
2025/11/05 23:00,11:01,12,41,0
2025/11/05 23:01,11:02,16,95,0
2025/11/05 23:02,11:03,20,115,0
2025/11/05 23:03,11:04,29,160,0
2025/11/05 23:04,11:05,37,193,0
2025/11/05 23:05,11:06,42,236,0
2025/11/05 23:06,11:07,50,260,0
2025/11/05 23:07,11:08,53,284,0
2025/11/05 23:08,11:09,64,332,0
2025/11/05 23:09,11:10,69,363,0
2025/11/06 11:10,11:57,69,363,0
2025/11/06 00:00,12:01,11,18,0
2025/11/06 00:01,12:02,22,35,0
2025/11/06 00:02,12:03,31,54,0
2025/11/06 00:03,12:04,33,68,0
2025/11/06 00:04,12:05,38,90,0
2025/11/06 00:05,12:06,43,112,0
2025/11/06 00:06,12:07,48,135,0
2025/11/06 00:07,12:08,55,159,0
2025/11/06 00:08,12:09,65,180,0
2025/11/06 00:09,12:10,70,195,0
2025/11/06 00:10,12:57,70,195,0
2025/11/06 01:00,01:01,7,14,0
2025/11/06 01:01,01:02,10,23,0
2025/11/06 01:02,01:03,15,38,0
2025/11/06 01:03,01:04,21,55,0
2025/11/06 01:04,01:05,24,68,0
2025/11/06 01:05,01:06,27,79,0
2025/11/06 01:06,01:07,29,96,0
2025/11/06 01:07,01:08,36,108,0
2025/11/06 01:08,01:09,41,123,0
2025/11/06 01:09,01:10,47,133,0
2025/11/06 01:10,01:57,47,133,0
2025/11/06 02:00,02:01,5,5,0
2025/11/06 02:01,02:02,10,17,0
2025/11/06 02:02,02:03,13,27,0
2025/11/06 02:03,02:04,17,38,0
2025/11/06 02:04,02:05,18,48,0
2025/11/06 02:05,02:06,19,54,0
2025/11/06 02:06,02:07,21,58,0
2025/11/06 02:07,02:08,25,64,0
2025/11/06 02:08,02:09,28,70,0
2025/11/06 02:09,02:10,29,77,0
2025/11/06 02:10,02:57,29,77,0
2025/11/06 03:00,03:01,1,5,0
2025/11/06 03:01,03:02,2,12,0
2025/11/06 03:02,03:03,5,17,0
2025/11/06 03:03,03:04,6,25,0
2025/11/06 03:04,03:05,8,30,0
2025/11/06 03:05,03:06,8,36,0
2025/11/06 03:06,03:07,12,41,0
2025/11/06 03:07,03:08,16,49,0
2025/11/06 03:08,03:09,21,60,1
2025/11/06 03:09,03:10,24,62,1
2025/11/06 03:10,03:56,24,62,1
2025/11/06 04:00,04:01,0,7,0
2025/11/06 04:01,04:02,0,14,0
2025/11/06 04:02,04:03,2,26,1
2025/11/06 04:03,04:04,4,31,2
2025/11/06 04:04,04:05,6,43,2
2025/11/06 04:05,04:06,8,46,2
2025/11/06 04:06,04:07,9,49,2
2025/11/06 04:07,04:08,10,56,2
2025/11/06 04:08,04:09,13,67,3
2025/11/06 04:09,04:10,13,69,3
2025/11/06 04:10,04:57,13,69,3
2025/11/06 05:00,05:01,2,15,1
2025/11/06 05:01,05:02,7,31,2
2025/11/06 05:02,05:03,9,51,2
2025/11/06 05:03,05:04,15,65,2
2025/11/06 05:04,05:05,17,75,2
2025/11/06 05:05,05:06,20,92,2
2025/11/06 05:06,05:07,23,108,2
2025/11/06 05:07,05:08,27,124,2
2025/11/06 05:08,05:09,29,159,2
2025/11/06 05:09,05:10,30,166,2
2025/11/06 05:10,05:57,30,166,2
2025/11/06 06:00,06:01,4,39,0
2025/11/06 06:01,06:02,5,80,0
2025/11/06 06:02,06:03,14,123,2
2025/11/06 06:03,06:04,18,168,2
2025/11/06 06:04,06:05,25,240,2
2025/11/06 06:05,06:06,36,317,2
2025/11/06 06:06,06:07,43,358,2
2025/11/06 06:07,06:08,59,441,6
2025/11/06 06:08,06:09,63,475,6
2025/11/06 06:09,06:10,72,549,6
2025/11/06 06:10,06:57,72,549,6
2025/11/06 07:00,07:01,8,86,0
2025/11/06 07:01,07:02,27,136,0
2025/11/06 07:02,07:03,47,209,0
2025/11/06 07:03,07:04,63,243,0
2025/11/06 07:04,07:05,66,319,0
2025/11/06 07:05,07:06,93,413,0
2025/11/06 07:06,07:07,102,466,0
2025/11/06 07:07,07:08,112,534,0
2025/11/06 07:08,07:09,143,621,0
2025/11/06 07:09,07:10,155,655,0
2025/11/06 07:10,07:57,155,655,0
2025/11/06 08:00,08:01,8,96,0
2025/11/06 08:01,08:02,41,180,1
2025/11/06 08:02,08:03,59,238,1
2025/11/06 08:03,08:04,76,336,1
2025/11/06 08:04,08:05,100,437,1
2025/11/06 08:05,08:06,113,478,1
2025/11/06 08:06,08:07,136,582,1
2025/11/06 08:07,08:08,170,688,2
2025/11/06 08:08,08:09,193,757,2
2025/11/06 08:09,08:10,224,872,2
2025/11/06 08:10,08:57,224,872,2
2025/11/06 09:00,09:01,22,44,0
2025/11/06 09:01,09:02,35,112,0
2025/11/06 09:02,09:03,56,211,0
2025/11/06 09:03,09:04,65,246,0
2025/11/06 09:04,09:05,72,333,1
2025/11/06 09:05,09:06,106,393,2
2025/11/06 09:06,09:07,121,423,3
2025/11/06 09:07,09:08,144,548,3
2025/11/06 09:08,09:09,164,580,5
2025/11/06 09:09,09:10,175,615,5
2025/11/06 09:10,09:57,175,615,5
2025/11/06 10:01,10:00,176,621,5
2025/11/06 10:00,10:01,13,36,0
2025/11/06 10:01,10:02,30,115,0
2025/11/06 10:02,10:03,63,196,1
2025/11/06 10:03,10:04,84,241,2
2025/11/06 10:04,10:05,103,324,2
2025/11/06 10:05,10:06,145,393,4
2025/11/06 10:06,10:07,170,428,6
2025/11/06 10:07,10:08,198,515,6
2025/11/06 10:08,10:09,233,585,7
2025/11/06 10:09,10:10,254,632,7
2025/11/06 10:10,10:57,254,632,7
2025/11/06 11:00,11:01,25,44,1
2025/11/06 11:01,11:02,55,118,2
2025/11/06 11:02,11:03,83,160,4
2025/11/06 11:03,11:04,115,255,4
2025/11/06 11:04,11:05,155,312,4
2025/11/06 11:05,11:06,175,355,7
2025/11/06 11:06,11:07,207,442,7
2025/11/06 11:07,11:08,239,503,7
2025/11/06 11:08,11:09,263,549,7
2025/11/06 11:09,11:10,283,638,7
2025/11/06 23:10,11:57,283,638,7
2025/11/06 12:00,12:01,30,54,0
2025/11/06 12:01,12:02,53,146,0
2025/11/06 12:02,12:03,91,210,0
2025/11/06 12:03,12:04,123,245,2
2025/11/06 12:04,12:05,161,326,3
2025/11/06 12:05,12:06,202,395,3
2025/11/06 12:06,12:07,224,423,5
2025/11/06 12:07,12:08,243,527,5
2025/11/06 12:08,12:09,282,577,7
2025/11/06 12:09,12:10,312,633,7
2025/11/06 12:10,12:57,312,633,7
2025/11/06 13:00,01:01,28,56,2
2025/11/06 13:01,01:02,58,100,2
2025/11/06 13:02,01:03,77,163,3
2025/11/06 13:03,01:04,107,216,9
2025/11/06 13:04,01:05,140,281,10
2025/11/06 13:05,01:06,173,351,11
2025/11/06 13:06,01:07,199,387,12
2025/11/06 13:07,01:08,236,427,13
2025/11/06 13:08,01:09,276,508,15
2025/11/06 13:09,01:10,310,562,17
2025/11/06 13:10,01:57,310,562,17
2025/11/06 14:00,02:01,26,41,0
2025/11/06 14:01,02:02,63,154,1
2025/11/06 14:02,02:03,110,213,3
2025/11/06 14:03,02:04,131,268,3
2025/11/06 14:04,02:05,156,357,3
2025/11/06 14:05,02:06,193,415,6
2025/11/06 14:06,02:07,230,487,7
2025/11/06 14:07,02:08,263,575,8
2025/11/06 14:08,02:09,313,617,9
2025/11/06 14:09,02:10,330,693,9
2025/11/06 14:10,02:57,330,693,9
2025/11/06 15:00,03:01,33,81,2
2025/11/06 15:01,03:02,63,124,3
2025/11/06 15:02,03:03,108,238,3
2025/11/06 15:03,03:04,132,295,5
2025/11/06 15:04,03:05,161,362,6
2025/11/06 15:05,03:06,188,422,7
2025/11/06 15:06,03:07,232,497,7
2025/11/06 15:07,03:08,262,572,10
2025/11/06 15:08,03:09,301,697,10
2025/11/06 15:09,03:10,326,748,10
2025/11/06 15:10,03:57,326,748,10
2025/11/06 16:00,04:01,40,100,1
2025/11/06 16:01,04:02,61,145,1
2025/11/06 16:02,04:03,75,229,1
2025/11/06 16:03,04:04,109,309,1
2025/11/06 16:04,04:05,152,409,2
2025/11/06 16:05,04:06,188,459,2
2025/11/06 16:06,04:07,209,575,2
2025/11/06 16:07,04:08,242,692,2
2025/11/06 16:08,04:09,279,793,2
2025/11/06 16:09,04:10,286,882,2
2025/11/06 16:10,04:57,286,882,2
2025/11/06 17:00,05:01,19,107,1
2025/11/06 17:01,05:02,47,224,1
2025/11/06 17:02,05:03,83,304,2
2025/11/06 17:03,05:04,107,436,2
2025/11/06 17:04,05:05,147,599,2
2025/11/06 17:05,05:06,192,708,4
2025/11/06 17:06,05:07,218,845,5
2025/11/06 17:07,05:08,260,967,6
2025/11/06 17:08,05:09,297,1126,6
2025/11/06 17:09,05:10,330,1258,6
2025/11/06 17:10,05:57,330,1258,6
2025/11/06 18:00,06:01,27,54,0
2025/11/06 18:01,06:02,57,192,1
2025/11/06 18:02,06:03,91,271,1
2025/11/06 18:03,06:04,121,320,1
2025/11/06 18:04,06:05,145,455,1
2025/11/06 18:05,06:06,180,570,2
2025/11/06 18:06,06:07,205,625,2
2025/11/06 18:07,06:08,223,727,2
2025/11/06 18:08,06:09,250,795,4
2025/11/06 18:09,06:10,280,842,4
2025/11/06 19:10,07:57,280,842,4
2025/11/06 20:00,08:01,12,33,0
2025/11/06 20:01,08:02,36,104,0
2025/11/06 20:02,08:03,58,152,0
2025/11/06 20:03,08:04,77,174,0
2025/11/06 20:04,08:05,96,277,0
2025/11/06 20:05,08:06,117,344,0
2025/11/06 20:06,08:07,151,416,0
2025/11/06 20:07,08:08,166,479,0
2025/11/06 20:08,08:09,190,547,0
2025/11/06 20:09,08:10,209,579,0
2025/11/06 20:10,08:11,221,609,0
2025/11/06 21:02,09:03,231,659,1
2025/11/06 21:03,09:04,253,711,2
2025/11/06 21:04,09:05,279,752,4
2025/11/06 21:05,09:06,286,812,4
2025/11/06 21:06,09:07,305,860,4
2025/11/06 21:07,09:08,324,900,4
2025/11/06 21:08,09:09,334,944,4
2025/11/06 21:09,09:10,361,1033,4
2025/11/06 21:10,09:57,361,1033,4
2025/11/06 22:01,10:00,361,1033,4
2025/11/06 22:00,10:01,11,29,0
2025/11/06 22:01,10:02,29,80,0
2025/11/06 22:02,10:03,54,124,0
2025/11/06 22:03,10:04,69,151,0
2025/11/06 22:04,10:05,88,198,0
2025/11/06 22:05,10:06,118,234,0
2025/11/06 22:06,10:07,129,266,0
2025/11/06 22:07,10:08,156,333,1
2025/11/06 22:08,10:09,176,357,1
2025/11/06 22:09,10:10,191,398,2
2025/11/07 11:10,11:57,191,398,2
2025/11/07 00:00,12:01,0,4,0
2025/11/07 00:01,12:02,3,8,0
2025/11/07 00:02,12:03,4,15,0
2025/11/07 00:03,12:04,5,34,0
2025/11/07 00:04,12:05,9,46,0
2025/11/07 00:05,12:06,10,53,0
2025/11/07 00:06,12:07,10,63,0
2025/11/07 00:07,12:08,10,70,0
2025/11/07 00:08,12:09,11,85,0
2025/11/07 00:09,12:10,14,95,0
2025/11/07 01:00,01:01,0,3,0
2025/11/07 01:01,01:02,3,12,1
2025/11/07 01:02,01:03,3,19,1
2025/11/07 01:03,01:04,3,26,1
2025/11/07 01:04,01:05,4,36,1
2025/11/07 01:05,01:06,5,46,1
2025/11/07 01:06,01:07,6,62,1
2025/11/07 01:07,01:08,6,69,1
2025/11/07 01:08,01:09,6,73,1
2025/11/07 01:09,01:10,6,80,1
2025/11/07 01:10,01:58,6,80,1
2025/11/07 02:00,02:01,0,2,0
2025/11/07 06:01,06:57,0,4,0
2025/11/07 07:00,07:01,10,71,9
2025/11/07 07:01,07:02,22,107,20
2025/11/07 07:02,07:03,46,218,25
2025/11/07 07:03,07:04,58,256,29
2025/11/07 07:04,07:05,64,343,30
2025/11/07 07:05,07:06,80,401,39
2025/11/07 07:06,07:07,92,437,46
2025/11/07 07:07,07:08,108,563,46
2025/11/07 07:08,07:09,142,653,48
2025/11/07 07:09,07:10,151,676,49
2025/11/07 19:10,07:56,151,676,49
2025/11/07 20:00,08:01,27,64,0
2025/11/07 20:01,08:02,51,122,0
2025/11/07 20:02,08:03,76,193,1
2025/11/07 20:03,08:04,93,233,2
2025/11/07 20:04,08:05,126,343,3
2025/11/07 20:05,08:06,142,387,4
2025/11/07 20:06,08:07,165,443,4
2025/11/07 20:07,08:08,184,556,5
2025/11/07 20:08,08:57,200,607,5
2025/11/07 21:00,09:01,25,50,1
2025/11/07 21:01,09:02,44,99,1
2025/11/07 21:02,09:03,63,192,1
2025/11/07 21:03,09:04,83,262,2
2025/11/07 21:04,09:05,105,341,2
2025/11/07 21:05,09:06,129,437,2
2025/11/07 21:06,09:07,151,502,3
2025/11/07 21:07,09:08,167,543,3
2025/11/07 21:08,09:09,174,624,3
2025/11/07 21:09,09:10,199,698,3
2025/11/07 21:10,09:57,199,698,3
2025/11/07 22:01,10:00,199,702,3
2025/11/07 22:00,10:01,20,72,0
2025/11/07 22:01,10:02,37,123,0
2025/11/07 22:02,10:03,59,193,0
2025/11/07 22:03,10:04,75,246,0
2025/11/07 22:04,10:05,102,322,0
2025/11/07 22:05,10:06,125,363,0
2025/11/07 22:06,10:07,145,440,0
2025/11/07 22:07,10:08,173,514,0
2025/11/07 22:08,10:09,214,594,0
2025/11/07 22:09,10:10,237,666,0
2025/11/07 22:10,10:57,237,666,0
2025/11/07 23:00,11:01,14,43,0
2025/11/07 23:01,11:02,25,120,0
2025/11/07 23:02,11:03,47,174,0
2025/11/07 23:03,11:04,54,211,0
2025/11/07 23:04,11:05,70,269,0
2025/11/07 23:05,11:06,86,322,0
2025/11/07 23:06,11:07,96,341,0
2025/11/07 23:07,11:08,109,425,0
2025/11/07 23:08,11:09,123,475,0
2025/11/07 23:09,11:10,136,535,0
2025/11/08 11:10,11:57,136,535,0
2025/11/08 00:00,12:01,5,39,0
2025/11/08 00:01,12:02,12,67,0
2025/11/08 00:02,12:03,24,110,0
2025/11/08 00:03,12:04,33,154,0
2025/11/08 00:04,12:05,41,186,0
2025/11/08 00:05,12:06,51,215,0
2025/11/08 00:06,12:07,61,244,0
2025/11/08 00:07,12:08,73,284,0
2025/11/08 00:08,12:09,74,328,0
2025/11/08 00:09,12:10,80,367,0
2025/11/08 00:10,12:57,80,367,0
2025/11/08 01:00,01:01,5,16,0
2025/11/08 01:01,01:02,6,62,0
2025/11/08 01:02,01:03,15,92,0
2025/11/08 01:03,01:04,19,123,0
2025/11/08 01:04,01:05,21,145,0
2025/11/08 01:05,01:06,28,168,0
2025/11/08 01:06,01:07,31,192,0
2025/11/08 01:07,01:08,38,220,0
2025/11/08 01:08,01:09,49,258,0
2025/11/08 01:09,01:10,53,268,0
2025/11/08 01:10,01:57,53,268,0
2025/11/08 02:00,02:01,4,26,0
2025/11/08 02:01,02:02,6,47,0
2025/11/08 02:02,02:03,9,67,0
2025/11/08 02:03,02:04,12,86,0
2025/11/08 02:04,02:05,17,118,0
2025/11/08 02:05,02:06,19,147,0
2025/11/08 02:06,02:07,21,169,0
2025/11/08 02:07,02:08,25,198,0
2025/11/08 02:08,02:09,30,218,0
2025/11/08 02:09,02:10,35,247,0
2025/11/08 02:10,02:57,35,247,0
2025/11/08 03:00,03:01,2,19,0
2025/11/08 03:01,03:02,4,35,0
2025/11/08 03:02,03:03,6,57,0
2025/11/08 03:03,03:04,9,76,0
2025/11/08 03:04,03:05,10,89,0
2025/11/08 03:05,03:06,10,110,0
2025/11/08 03:06,03:07,12,132,0
2025/11/08 03:07,03:08,14,152,0
2025/11/08 03:08,03:09,20,170,0
2025/11/08 03:09,03:10,22,182,0
2025/11/08 03:10,03:57,22,182,0
2025/11/08 04:00,04:01,1,9,0
2025/11/08 04:01,04:02,3,19,0
2025/11/08 04:02,04:03,4,35,0
2025/11/08 04:03,04:04,6,48,0
2025/11/08 04:04,04:05,8,56,0
2025/11/08 04:05,04:06,9,67,0
2025/11/08 04:06,04:07,13,76,0
2025/11/08 04:07,04:08,18,95,0
2025/11/08 04:08,04:09,24,103,0
2025/11/08 04:09,04:10,27,110,0
2025/11/08 04:10,04:57,27,110,0
2025/11/08 05:00,05:01,4,18,0
2025/11/08 05:01,05:02,13,43,0
2025/11/08 05:02,05:03,15,58,0
2025/11/08 05:03,05:04,26,83,0
2025/11/08 05:04,05:05,32,110,0
2025/11/08 05:05,05:06,33,137,0
2025/11/08 05:06,05:07,39,167,0
2025/11/08 05:07,05:08,44,187,0
2025/11/08 05:08,05:09,51,214,0
2025/11/08 05:09,05:10,55,234,0
2025/11/08 05:10,05:57,55,234,0
2025/11/08 06:00,06:01,6,64,0
2025/11/08 06:01,06:02,9,103,0
2025/11/08 06:02,06:03,16,203,0
2025/11/08 06:03,06:04,22,282,0
2025/11/08 06:04,06:05,32,335,1
2025/11/08 06:05,06:06,36,401,1
2025/11/08 06:06,06:07,40,442,2
2025/11/08 06:07,06:08,45,536,2
2025/11/08 06:08,06:09,52,587,2
2025/11/08 06:09,06:10,63,622,2
2025/11/08 06:10,06:57,63,622,2
2025/11/08 07:00,07:01,8,52,0
2025/11/08 07:01,07:02,24,87,0
2025/11/08 07:02,07:03,34,170,0
2025/11/08 07:03,07:04,37,190,0
2025/11/08 07:04,07:05,43,277,0
2025/11/08 07:05,07:06,53,335,1
2025/11/08 07:06,07:07,56,358,5
2025/11/08 07:07,07:08,68,452,8
2025/11/08 07:08,07:09,79,507,18
2025/11/08 07:09,07:10,86,535,25
2025/11/08 07:10,07:57,86,535,25
2025/11/08 08:00,08:01,5,81,0
2025/11/08 08:01,08:02,28,184,0
2025/11/08 08:02,08:03,40,234,1
2025/11/08 08:03,08:04,52,311,1
2025/11/08 08:04,08:05,80,438,2
2025/11/08 08:05,08:06,89,471,2
2025/11/08 08:06,08:07,105,583,2
2025/11/08 08:07,08:08,124,652,2
2025/11/08 08:08,08:09,129,715,2
2025/11/08 08:09,08:10,144,799,3
2025/11/08 08:10,08:57,144,799,3
2025/11/08 09:00,09:01,30,72,1
2025/11/08 09:01,09:02,63,119,1
2025/11/08 09:02,09:03,104,199,2
2025/11/08 09:03,09:04,118,267,2
2025/11/08 09:04,09:05,130,290,3
2025/11/08 09:05,09:06,137,347,3
2025/11/08 09:06,09:07,163,426,3
2025/11/08 09:07,09:08,179,464,3
2025/11/08 09:08,09:09,187,510,3
2025/11/08 09:09,09:10,212,595,4
2025/11/08 09:10,09:57,212,595,4
2025/11/08 10:01,10:00,212,596,4
2025/11/08 10:00,10:01,29,56,3
2025/11/08 10:01,10:02,46,123,3
2025/11/08 10:02,10:03,80,225,3
2025/11/08 10:03,10:04,96,260,4
2025/11/08 10:04,10:05,110,330,5
2025/11/08 10:05,10:06,146,389,6
2025/11/08 10:06,10:07,172,439,6
2025/11/08 10:07,10:08,188,518,6
2025/11/08 10:08,10:09,226,597,10
2025/11/08 10:09,10:10,249,643,11
2025/11/08 10:10,10:55,249,643,11
2025/11/08 11:00,11:01,29,95,1
2025/11/08 23:01,11:57,51,149,3
2025/11/08 12:00,12:01,34,35,1
2025/11/08 12:01,12:02,60,117,1
2025/11/08 12:02,12:03,98,168,2
2025/11/08 12:03,12:04,122,205,2
2025/11/08 12:04,12:05,149,288,2
2025/11/08 12:05,12:06,181,353,2
2025/11/08 12:06,12:07,204,382,4
2025/11/08 12:07,12:08,225,483,4
2025/11/08 12:08,12:09,257,543,5
2025/11/08 12:09,12:10,282,588,5
2025/11/08 12:10,12:11,295,621,5
2025/11/08 13:00,01:01,24,106,1
2025/11/08 13:01,01:02,65,151,1
2025/11/08 13:02,01:03,87,213,3
2025/11/08 13:03,01:04,118,286,4
2025/11/08 13:04,01:05,156,335,4
2025/11/08 13:05,01:06,185,429,5
2025/11/08 13:06,01:07,218,513,5
2025/11/08 13:07,01:08,248,548,6
2025/11/08 13:08,01:09,277,679,7
2025/11/08 13:09,01:10,312,743,10
2025/11/08 13:10,01:11,321,763,10
2025/11/08 14:00,02:01,29,39,0
2025/11/08 14:01,02:02,74,149,1
2025/11/08 14:02,02:03,111,219,1
2025/11/08 14:03,02:04,143,279,1
2025/11/08 14:04,02:05,175,364,1
2025/11/08 14:05,02:06,203,436,1
2025/11/08 14:06,02:07,229,475,1
2025/11/08 14:07,02:10,246,558,1
2025/11/08 14:10,02:55,246,558,1
2025/11/08 16:00,04:03,0,0,0
2025/11/08 16:03,04:06,0,0,0
2025/11/08 16:06,04:09,0,0,0
2025/11/08 16:09,04:57,0,0,0
2025/11/08 17:00,05:01,12,21,0
2025/11/08 17:01,05:02,45,59,0
2025/11/08 17:02,05:03,81,145,0
2025/11/08 17:03,05:04,117,182,0
2025/11/08 17:04,05:05,140,221,0
2025/11/08 17:05,05:06,174,347,0
2025/11/08 17:06,05:07,199,381,1
2025/11/08 17:07,05:08,227,457,1
2025/11/08 17:08,05:09,254,525,1
2025/11/08 17:09,05:10,287,565,1
2025/11/08 17:10,05:57,287,565,1
2025/11/08 18:00,06:01,25,21,0
2025/11/08 18:01,06:02,37,119,0
2025/11/08 18:02,06:03,73,191,0
2025/11/08 18:03,06:04,89,225,0
2025/11/08 18:04,06:05,116,304,0
2025/11/08 18:05,06:06,144,371,0
2025/11/08 18:06,06:07,166,418,0
2025/11/08 18:07,06:08,195,488,3
2025/11/08 18:08,06:09,220,548,3
2025/11/08 18:09,06:10,250,605,3
2025/11/08 18:10,06:11,265,673,3
2025/11/08 19:00,07:01,19,32,0
2025/11/08 19:01,07:02,48,145,0
2025/11/08 19:02,07:03,73,190,1
2025/11/08 19:03,07:04,103,241,1
2025/11/08 19:04,07:05,131,300,1
2025/11/08 19:05,07:06,159,356,1
2025/11/08 19:06,07:07,170,403,1
2025/11/08 19:07,07:08,197,477,1
2025/11/08 19:08,07:09,220,539,2
2025/11/08 19:09,07:10,243,632,2
2025/11/08 19:10,07:11,262,647,4
2025/11/08 20:00,08:01,21,76,0
2025/11/08 20:01,08:02,37,143,0
2025/11/08 20:02,08:03,59,218,0
2025/11/08 20:03,08:04,83,266,1
2025/11/08 20:04,08:05,102,327,1
2025/11/08 20:05,08:06,120,400,1
2025/11/08 20:06,08:07,139,468,1
2025/11/08 20:07,08:08,163,579,1
2025/11/08 20:08,08:09,178,672,1
2025/11/08 20:09,08:10,197,735,1
2025/11/08 20:10,08:57,197,735,1
2025/11/08 21:00,09:01,17,59,3
2025/11/08 21:01,09:02,40,147,3
2025/11/08 21:02,09:03,63,230,4
2025/11/08 21:03,09:04,87,310,4
2025/11/08 21:04,09:05,112,358,4
2025/11/08 21:05,09:06,131,443,4
2025/11/08 21:06,09:07,150,512,4
2025/11/08 21:07,09:08,174,600,4
2025/11/08 21:08,09:09,190,642,4
2025/11/08 21:09,09:10,203,691,5
2025/11/08 21:10,09:57,203,691,5
2025/11/08 22:01,10:00,206,696,5
2025/11/08 22:00,10:01,13,48,0
2025/11/08 22:01,10:02,30,91,0
2025/11/08 22:02,10:03,63,193,1
2025/11/08 22:03,10:02,77,236,1
2025/11/08 22:02,10:03,77,237,1
2025/11/08 22:03,10:04,83,264,1
2025/11/08 22:04,10:05,89,292,1
2025/11/07 01:00,01:01,0,3,0
2025/11/07 01:01,01:02,3,12,1
2025/11/07 01:02,01:03,3,19,1
2025/11/07 01:03,01:04,3,26,1
2025/11/07 01:04,01:05,4,36,1
2025/11/07 01:05,01:06,5,46,1
2025/11/07 01:06,01:07,1,4,0
2025/11/07 01:07,01:08,1,11,0
2025/11/07 01:08,01:09,1,15,0
2025/11/07 01:09,01:10,1,22,0
2025/11/07 01:10,01:58,1,22,0
2025/11/07 02:00,02:01,0,2,0
2025/11/07 06:01,06:57,0,4,0
2025/11/07 07:00,07:01,10,71,9
2025/11/07 07:01,07:02,22,107,20
2025/11/07 07:02,07:03,46,218,25
2025/11/07 07:03,07:04,58,256,29
2025/11/07 07:04,07:05,64,343,30
2025/11/07 07:05,07:06,80,401,39
2025/11/07 07:06,07:07,92,437,46
2025/11/07 07:07,07:08,108,563,46
2025/11/07 07:08,07:09,142,653,48
2025/11/07 07:09,07:10,151,676,49
2025/11/07 19:10,07:56,151,676,49
2025/11/07 20:00,08:01,27,64,0
2025/11/07 20:01,08:02,51,122,0
2025/11/07 20:02,08:03,76,193,1
2025/11/07 20:03,08:04,93,233,2
2025/11/07 20:04,08:05,126,344,3
2025/11/07 20:05,08:06,142,388,4
2025/11/07 20:06,08:07,165,444,4
2025/11/07 20:07,08:08,184,557,5
2025/11/07 20:08,08:57,200,608,5
2025/11/07 21:00,09:01,25,50,1
2025/11/07 21:01,09:02,44,99,1
2025/11/07 21:02,09:03,63,192,1
2025/11/07 21:03,09:04,83,262,2
2025/11/07 21:04,09:05,105,341,2
2025/11/07 21:05,09:06,129,437,2
2025/11/07 21:06,09:07,151,502,3
2025/11/07 21:07,09:08,167,543,3
2025/11/07 21:08,09:09,174,624,3
2025/11/07 21:09,09:10,199,698,3
2025/11/07 21:10,09:57,199,698,3
2025/11/07 22:01,10:00,199,702,3
2025/11/07 22:00,10:01,20,72,0
2025/11/07 22:01,10:02,37,123,0
2025/11/07 22:02,10:03,59,193,0
2025/11/07 22:03,10:04,75,246,0
2025/11/07 22:04,10:05,102,322,0
2025/11/07 22:05,10:06,125,363,0
2025/11/07 22:06,10:07,145,440,0
2025/11/07 22:07,10:08,173,514,0
2025/11/07 22:08,10:09,214,594,0
2025/11/07 22:09,10:10,237,666,0
2025/11/07 22:10,10:57,237,666,0
2025/11/07 23:00,11:01,14,43,0
2025/11/07 23:01,11:02,25,120,0
2025/11/07 23:02,11:03,47,174,0
2025/11/07 23:03,11:04,54,211,0
2025/11/07 23:04,11:05,70,269,0
2025/11/07 23:05,11:06,86,322,0
2025/11/07 23:06,11:07,96,341,0
2025/11/07 23:07,11:08,109,425,0
2025/11/07 23:08,11:09,123,475,0
2025/11/07 23:09,11:10,136,535,0
2025/11/08 11:10,11:57,136,535,0
2025/11/08 00:00,12:01,5,39,0
2025/11/08 00:01,12:02,12,67,0
2025/11/08 00:02,12:03,24,110,0
2025/11/08 00:03,12:04,33,154,0
2025/11/08 00:04,12:05,41,186,0
2025/11/08 00:05,12:06,51,215,0
2025/11/08 00:06,12:07,61,244,0
2025/11/08 00:07,12:08,73,284,0
2025/11/08 00:08,12:09,74,328,0
2025/11/08 00:09,12:10,80,367,0
2025/11/08 00:10,12:57,80,367,0
2025/11/08 01:00,01:01,5,16,0
2025/11/08 01:01,01:02,6,62,0
2025/11/08 01:02,01:03,15,92,0
2025/11/08 01:03,01:04,19,123,0
2025/11/08 01:04,01:05,21,145,0
2025/11/08 01:05,01:06,28,168,0
2025/11/08 01:06,01:07,31,192,0
2025/11/08 01:07,01:08,38,220,0
2025/11/08 01:08,01:09,49,258,0
2025/11/08 01:09,01:10,53,268,0
2025/11/08 10:10,10:53,53,268,0
2025/11/08 22:06,10:07,58,301,0
2025/11/08 22:07,10:08,62,327,0
2025/11/08 22:08,10:09,66,348,0
2025/11/08 22:09,10:07,66,348,0
2025/11/08 22:07,10:08,83,424,0
2025/11/08 22:08,10:09,116,499,0
2025/11/08 22:09,10:10,133,587,0
2025/11/08 22:10,10:09,133,587,0
2025/11/08 22:09,10:10,136,606,0
2025/11/08 22:10,10:11,148,672,0
2025/11/08 22:00,10:53,5,57,0
2025/11/08 18:00,06:01,1,26,0
2025/11/08 18:01,06:02,3,98,0
2025/11/08 18:02,06:03,3,139,0
2025/11/08 23:03,11:06,3,144,0
2025/11/08 23:06,11:00,3,147,0
2025/11/08 23:00,11:01,14,51,1
2025/11/08 23:01,11:02,33,124,1
2025/11/08 23:02,11:03,51,202,1
2025/11/08 18:03,06:04,63,267,1
2025/11/08 18:04,06:05,64,318,1
2025/11/08 18:05,06:06,64,349,1
2025/11/08 18:06,06:07,127,709,1
2025/11/08 18:07,06:08,127,750,1
2025/11/08 18:08,06:09,128,792,1
2025/11/08 23:09,11:06,129,830,1
2025/11/08 23:06,11:07,133,852,1
2025/11/08 23:07,11:08,147,936,1
2025/11/08 23:08,11:09,166,1007,1
2025/11/08 18:09,06:10,178,1104,1
2025/11/08 23:10,11:05,178,1104,1
2025/11/08 23:05,11:09,179,1111,1
2025/11/08 23:09,11:10,179,1115,1
2025/11/09 06:10,06:57,179,1115,1
2025/11/09 11:00,11:53,7,65,0
2025/11/09 07:00,07:01,4,104,0
2025/11/09 07:01,07:02,12,222,0
2025/11/09 07:02,07:03,18,352,0
2025/11/09 00:03,12:01,18,375,0
2025/11/09 00:01,12:00,18,379,0
2025/11/09 00:00,12:01,9,31,0
2025/11/09 00:01,12:02,19,74,0
2025/11/09 00:02,12:03,35,154,1
2025/11/09 07:03,07:04,42,263,1
2025/11/09 07:04,07:05,43,371,1
2025/11/09 07:05,07:06,46,514,1
2025/11/09 07:06,07:07,84,794,1
2025/11/09 07:07,07:08,88,948,1
2025/11/09 07:08,07:09,96,1034,1
2025/11/09 00:09,12:06,98,1078,1
2025/11/09 00:06,12:07,99,1085,1
2025/11/09 00:07,12:08,109,1151,1
2025/11/09 00:08,12:09,124,1194,1
2025/11/09 07:09,07:10,141,1294,1
2025/11/09 00:10,12:11,141,1294,1
2025/11/09 00:00,12:53,4,8,0
2025/11/09 08:00,08:01,0,27,0
2025/11/09 08:01,08:02,3,78,0
2025/11/09 08:02,08:03,3,114,0
2025/11/09 01:03,01:00,3,126,0
2025/11/09 01:00,01:01,4,16,0
2025/11/09 01:01,01:02,13,41,0
2025/11/09 01:02,01:03,25,84,0
2025/11/09 08:03,08:04,27,131,0
2025/11/09 08:04,08:05,27,152,0
2025/11/09 08:05,08:06,27,194,0
2025/11/09 01:06,01:03,27,198,0
2025/11/09 01:03,01:04,29,205,0
2025/11/09 01:04,01:05,32,247,1
2025/11/09 01:05,01:06,34,279,1
2025/11/09 08:06,08:07,42,331,1
2025/11/09 08:07,08:08,42,380,1
2025/11/09 08:08,08:09,43,415,1
2025/11/09 01:09,01:06,43,448,1
2025/11/09 01:06,01:07,43,450,1
2025/11/09 01:07,01:08,47,482,1
2025/11/09 01:08,01:09,51,516,1
2025/11/09 08:09,08:10,57,565,1
2025/11/09 01:10,01:11,67,590,2
2025/11/09 01:00,01:57,2,1,0
2025/11/09 09:00,09:01,12,48,0
2025/11/09 09:01,09:02,14,85,0
2025/11/09 09:02,09:03,21,107,0
2025/11/09 02:03,02:00,22,110,0
2025/11/09 02:00,02:01,4,13,0
2025/11/09 02:01,02:02,6,47,0
2025/11/09 02:02,02:03,12,70,0
2025/11/09 09:03,09:04,19,99,0
2025/11/09 09:04,09:05,29,214,0
2025/11/09 09:05,09:06,57,312,0
2025/11/09 02:06,02:03,61,330,0
2025/11/09 02:03,02:04,62,333,0
2025/11/09 02:04,02:05,66,350,0
2025/11/09 02:05,02:06,74,365,0
2025/11/09 09:06,09:07,92,403,0
2025/11/09 09:07,09:08,95,426,0
2025/11/09 09:08,09:09,110,523,0
2025/11/09 02:09,02:06,114,561,0
2025/11/09 02:06,02:07,114,563,0
2025/11/09 02:07,02:08,122,583,0
2025/11/09 02:08,02:09,125,610,0
2025/11/09 09:09,09:10,134,678,0
2025/11/09 02:10,02:11,138,693,0
2025/11/09 10:01,10:00,139,696,0
2025/11/09 02:00,02:57,1,1,0
2025/11/09 10:00,10:01,3,5,0
2025/11/09 10:01,10:00,5,5,0
2025/11/09 10:00,10:01,8,26,0
2025/11/09 10:01,10:02,18,92,0
2025/11/09 10:02,10:03,47,163,0
2025/11/09 03:03,03:00,53,175,0
2025/11/09 03:00,03:01,0,16,0
2025/11/09 03:01,03:02,4,39,0
2025/11/09 03:02,03:03,11,64,0
2025/11/09 10:03,10:06,51,223,1
2025/11/09 03:06,03:03,56,227,1
2025/11/09 03:03,03:04,58,234,1
2025/11/09 03:04,03:05,60,254,1
2025/11/09 03:05,03:06,64,274,1
2025/11/09 10:06,10:07,82,295,1
2025/11/09 10:07,10:08,98,364,1
2025/11/09 10:08,10:09,128,450,1
2025/11/09 03:09,03:06,137,460,1
2025/11/09 03:06,03:07,138,464,1
2025/11/09 03:07,03:08,142,476,1
2025/11/09 03:08,03:09,146,484,1
2025/11/09 10:09,10:05,148,500,1
2025/11/09 10:05,10:09,148,500,1
2025/11/09 10:09,10:10,152,517,1
2025/11/09 03:10,03:09,152,517,1
2025/11/09 03:09,03:10,152,519,1
2025/11/09 10:10,10:53,229,719,2
2025/11/09 11:00,11:06,0,3,0
2025/11/09 11:06,11:00,0,4,0
2025/11/09 11:00,11:01,29,61,0
2025/11/09 11:01,11:02,43,100,0
2025/11/09 11:02,11:03,59,137,0
2025/11/09 04:03,04:00,59,162,0
2025/11/09 04:00,04:01,0,19,0
2025/11/09 04:01,04:02,3,31,0
2025/11/09 04:02,04:03,9,48,0
2025/11/09 11:03,11:06,64,159,0
2025/11/09 04:06,04:03,74,179,0
2025/11/09 04:03,04:04,76,194,0
2025/11/09 04:04,04:05,79,204,0
2025/11/09 04:05,04:06,82,225,0
2025/11/09 11:06,11:07,95,266,0
2025/11/09 11:07,11:08,112,298,0
2025/11/09 11:08,11:09,130,335,0
2025/11/09 04:09,04:06,140,353,0
2025/11/09 04:06,04:07,145,358,0
2025/11/09 04:07,04:08,149,372,1
2025/11/09 04:08,04:09,151,388,1
2025/11/09 11:09,11:05,154,391,1
2025/11/09 11:05,11:09,155,391,1
2025/11/09 11:09,11:10,165,413,1
2025/11/09 04:10,04:09,165,413,1
2025/11/09 04:09,04:10,165,421,1
2025/11/09 11:10,11:17,165,425,1
2025/11/09 12:00,12:01,9,28,0
2025/11/09 12:01,12:02,33,98,0
2025/11/09 12:02,12:03,59,152,1
2025/11/09 12:03,12:04,73,183,2
2025/11/09 12:04,12:05,102,262,3
2025/11/09 12:05,12:06,134,303,3
2025/11/09 12:06,12:07,156,332,3
2025/11/09 12:07,12:08,180,425,3
2025/11/09 12:08,12:09,214,477,4
2025/11/09 12:09,12:10,231,511,4
2025/11/09 12:10,12:57,231,511,4
2025/11/09 13:00,01:01,29,43,0
2025/11/09 13:01,01:02,43,76,0
2025/11/09 13:02,01:03,56,132,0
2025/11/09 13:03,01:04,78,184,0
2025/11/09 13:04,01:05,101,218,1
2025/11/09 13:05,01:06,117,278,1
2025/11/09 13:06,01:07,146,309,2
2025/11/09 13:07,01:08,166,351,2
2025/11/09 13:08,01:09,181,428,2
2025/11/09 13:09,01:10,212,449,2
2025/11/09 13:10,01:57,212,449,2
2025/11/09 14:00,02:01,14,32,2
2025/11/09 14:01,02:02,51,72,2
2025/11/09 14:02,02:03,77,91,2
2025/11/09 14:03,02:04,89,150,2
2025/11/09 14:04,02:05,116,180,3
2025/11/09 14:05,02:06,143,211,5
2025/11/09 14:06,02:07,154,258,5
2025/11/09 14:07,02:08,178,302,6
2025/11/09 14:08,02:09,217,341,6
2025/11/09 14:09,02:10,235,382,7
2025/11/09 14:10,02:57,235,382,7
2025/11/09 15:00,03:01,23,20,0
2025/11/09 15:01,03:02,34,45,0
2025/11/09 15:02,03:03,54,100,0
2025/11/09 15:03,03:04,76,131,1
2025/11/09 15:04,03:05,90,168,1
2025/11/09 15:05,03:06,123,221,1
2025/11/09 15:06,03:07,145,248,1
2025/11/09 15:07,03:08,168,297,1
2025/11/09 15:08,03:09,193,339,1
2025/11/09 15:09,03:10,215,368,1
2025/11/09 15:10,03:57,215,368,1
2025/11/09 16:00,04:01,14,51,0
2025/11/09 16:01,04:02,30,113,0
2025/11/09 16:02,04:03,70,151,0
2025/11/09 16:03,04:04,81,207,0
2025/11/09 16:04,04:05,119,257,1
2025/11/09 16:05,04:06,140,276,1
2025/11/09 16:06,04:07,161,338,1
2025/11/09 16:07,04:08,194,377,1
2025/11/09 16:08,04:09,215,430,1
2025/11/09 16:09,04:10,239,485,1
2025/11/09 16:10,04:57,239,485,1
2025/11/09 17:00,05:01,23,26,0
2025/11/09 17:01,05:02,45,64,0
2025/11/09 17:02,05:03,73,156,0
2025/11/09 17:03,05:04,97,207,1
2025/11/09 17:04,05:05,115,269,1
2025/11/09 17:05,05:06,151,337,1
2025/11/09 17:06,05:07,170,367,2
2025/11/09 17:07,05:08,186,444,2
2025/11/09 17:08,05:09,212,490,3
2025/11/09 17:09,05:10,232,527,3
2025/11/09 17:10,05:57,232,527,3
2025/11/09 18:00,06:01,22,52,0
2025/11/09 18:01,06:02,37,140,0
2025/11/09 18:02,06:03,68,193,1
2025/11/09 18:03,06:04,70,215,1
2025/11/09 18:04,06:05,85,294,1
2025/11/09 18:05,06:06,116,354,2
2025/11/09 18:06,06:07,128,388,2
2025/11/09 18:07,06:08,146,462,2
2025/11/09 18:08,06:09,168,534,2
2025/11/09 18:09,06:10,185,569,3
2025/11/09 18:10,06:57,185,569,3
2025/11/09 19:00,07:01,30,62,0
2025/11/09 19:01,07:02,50,121,0
2025/11/09 19:02,07:03,69,192,0
2025/11/09 19:03,07:04,91,245,0
2025/11/09 19:04,07:05,112,293,3
2025/11/09 19:05,07:06,135,354,3
2025/11/09 19:06,07:07,152,427,3
2025/11/09 19:07,07:08,185,484,3
2025/11/09 19:08,07:09,213,563,3
2025/11/09 19:09,07:10,234,627,4
