datetime_start,datetime_end,ocr_raw,count_of_car,count_of_motorcycle,count_of_heavy,cluster
2025-11-02 22:00:00,2025-11-02 22:01:00,10:01,16,42,0,1
2025-11-02 22:01:00,2025-11-02 22:00:00,10:00,0,1,0,1
2025-11-02 22:01:00,2025-11-02 22:02:00,10:02,11,43,0,1
2025-11-02 22:02:00,2025-11-02 22:03:00,10:03,16,100,0,0
2025-11-02 22:03:00,2025-11-02 22:04:00,10:04,16,34,0,1
2025-11-02 22:04:00,2025-11-02 22:05:00,10:05,16,43,0,1
2025-11-02 22:05:00,2025-11-02 22:06:00,10:06,16,69,0,0
2025-11-02 22:06:00,2025-11-02 22:09:00,10:09,9,35,0,1
2025-11-02 22:09:00,2025-11-02 22:10:00,10:10,9,46,0,1
2025-11-02 23:00:00,2025-11-02 23:01:00,11:01,6,48,0,1
2025-11-02 23:01:00,2025-11-02 23:02:00,11:02,20,36,0,0
2025-11-02 23:02:00,2025-11-02 23:03:00,11:03,6,18,0,1
2025-11-02 23:03:00,2025-11-02 23:04:00,11:04,11,66,0,0
2025-11-02 23:04:00,2025-11-02 23:05:00,11:05,13,53,0,1
2025-11-02 23:05:00,2025-11-02 23:06:00,11:06,7,42,0,1
2025-11-02 23:06:00,2025-11-02 23:07:00,11:07,10,46,0,1
2025-11-02 23:07:00,2025-11-02 23:08:00,11:08,10,42,0,1
2025-11-02 23:08:00,2025-11-02 23:09:00,11:09,9,58,0,1
2025-11-02 23:09:00,2025-11-02 23:10:00,11:10,18,52,1,0
2025-11-03 00:00:00,2025-11-03 00:01:00,12:01,5,13,0,1
2025-11-03 00:01:00,2025-11-03 00:02:00,12:02,6,36,0,1
2025-11-03 00:02:00,2025-11-03 00:03:00,12:03,5,32,0,1
2025-11-03 00:03:00,2025-11-03 00:04:00,12:04,7,36,0,1
2025-11-03 00:04:00,2025-11-03 00:05:00,12:05,6,36,0,1
2025-11-03 00:05:00,2025-11-03 00:06:00,12:06,11,25,0,1
2025-11-03 00:06:00,2025-11-03 00:07:00,12:07,2,41,0,1
2025-11-03 00:07:00,2025-11-03 00:08:00,12:08,7,36,0,1
2025-11-03 00:08:00,2025-11-03 00:09:00,12:09,6,33,0,1
2025-11-03 00:09:00,2025-11-03 00:10:00,12:10,7,20,0,1
2025-11-03 01:00:00,2025-11-03 01:01:00,01:01,3,18,0,1
2025-11-03 01:01:00,2025-11-03 01:02:00,01:02,3,8,0,1
2025-11-03 01:02:00,2025-11-03 01:03:00,01:03,6,15,0,1
2025-11-03 01:03:00,2025-11-03 01:04:00,01:04,5,13,1,1
2025-11-03 01:04:00,2025-11-03 01:05:00,01:05,0,10,0,1
2025-11-03 01:05:00,2025-11-03 01:06:00,01:06,5,15,0,1
2025-11-03 01:06:00,2025-11-03 01:07:00,01:07,4,14,0,1
2025-11-03 01:07:00,2025-11-03 01:08:00,01:08,2,15,0,1
2025-11-03 01:08:00,2025-11-03 01:09:00,01:09,2,19,0,1
2025-11-03 01:09:00,2025-11-03 01:10:00,01:10,1,13,0,1
2025-11-03 02:00:00,2025-11-03 02:01:00,02:01,2,13,0,1
2025-11-03 02:01:00,2025-11-03 02:02:00,02:02,1,8,0,1
2025-11-03 02:02:00,2025-11-03 02:03:00,02:03,2,13,0,1
2025-11-03 02:03:00,2025-11-03 02:04:00,02:04,1,9,0,1
2025-11-03 02:04:00,2025-11-03 02:05:00,02:05,3,8,0,1
2025-11-03 02:05:00,2025-11-03 02:06:00,02:06,2,11,0,1
2025-11-03 02:06:00,2025-11-03 02:07:00,02:07,4,12,0,1
2025-11-03 02:07:00,2025-11-03 02:08:00,02:08,6,17,0,1
2025-11-03 02:08:00,2025-11-03 02:09:00,02:09,2,11,0,1
2025-11-03 02:09:00,2025-11-03 02:10:00,02:10,2,9,0,1
2025-11-03 03:00:00,2025-11-03 03:01:00,03:01,3,12,0,1
2025-11-03 03:01:00,2025-11-03 03:02:00,03:02,0,6,0,1
2025-11-03 03:02:00,2025-11-03 03:03:00,03:03,1,7,0,1
2025-11-03 03:03:00,2025-11-03 03:04:00,03:04,3,10,0,1
2025-11-03 03:04:00,2025-11-03 03:05:00,03:05,1,2,0,1
2025-11-03 03:05:00,2025-11-03 03:06:00,03:06,2,4,0,1
2025-11-03 03:06:00,2025-11-03 03:07:00,03:07,3,7,0,1
2025-11-03 03:07:00,2025-11-03 03:08:00,03:08,0,12,0,1
2025-11-03 04:00:00,2025-11-03 04:01:00,04:01,3,3,0,1
2025-11-03 04:01:00,2025-11-03 04:02:00,04:02,5,6,0,1
2025-11-03 04:02:00,2025-11-03 04:03:00,04:03,1,10,0,1
2025-11-03 04:03:00,2025-11-03 04:04:00,04:04,0,10,0,1
2025-11-03 04:04:00,2025-11-03 04:05:00,04:05,3,8,0,1
2025-11-03 04:05:00,2025-11-03 04:06:00,04:06,0,4,0,1
2025-11-03 04:06:00,2025-11-03 04:07:00,04:07,0,8,0,1
2025-11-03 04:07:00,2025-11-03 04:08:00,04:08,2,22,0,1
2025-11-03 04:08:00,2025-11-03 04:09:00,04:09,1,2,0,1
2025-11-03 04:09:00,2025-11-03 04:10:00,04:10,1,6,0,1
2025-11-03 05:00:00,2025-11-03 05:01:00,05:01,3,21,0,1
2025-11-03 05:01:00,2025-11-03 05:02:00,05:02,3,9,0,1
2025-11-03 05:02:00,2025-11-03 05:03:00,05:03,3,20,0,1
2025-11-03 05:03:00,2025-11-03 05:04:00,05:04,4,22,0,1
2025-11-03 05:04:00,2025-11-03 05:05:00,05:05,3,11,0,1
2025-11-03 05:05:00,2025-11-03 05:06:00,05:06,3,25,0,1
2025-11-03 05:06:00,2025-11-03 05:07:00,05:07,7,29,0,1
2025-11-03 05:07:00,2025-11-03 05:08:00,05:08,7,26,0,1
2025-11-03 05:08:00,2025-11-03 05:09:00,05:09,5,19,0,1
2025-11-03 05:09:00,2025-11-03 09:10:00,05:10,5,14,0,1
2025-11-03 06:00:00,2025-11-03 06:01:00,06:01,15,53,0,0
2025-11-03 06:01:00,2025-11-03 06:02:00,06:02,8,31,0,1
2025-11-03 06:02:00,2025-11-03 06:03:00,06:03,8,43,0,1
2025-11-03 06:03:00,2025-11-03 06:04:00,06:04,4,37,0,1
2025-11-03 06:04:00,2025-11-03 06:05:00,06:05,11,42,1,1
2025-11-03 06:05:00,2025-11-03 06:06:00,06:06,5,82,0,1
2025-11-03 06:06:00,2025-11-03 06:07:00,06:07,11,49,0,1
2025-11-03 06:07:00,2025-11-03 06:08:00,06:08,11,79,1,0
2025-11-03 06:08:00,2025-11-03 06:09:00,06:09,7,48,0,1
2025-11-03 06:09:00,2025-11-03 06:10:00,06:10,13,97,0,0
2025-11-03 07:00:00,2025-11-03 07:01:00,07:01,14,73,0,0
2025-11-03 07:01:00,2025-11-03 07:02:00,07:02,20,28,0,1
2025-11-03 07:02:00,2025-11-03 07:03:00,07:03,15,113,0,0
2025-11-03 07:03:00,2025-11-03 07:04:00,07:04,12,40,0,1
2025-11-03 07:04:00,2025-11-03 07:05:00,07:05,12,76,0,0
2025-11-03 07:05:00,2025-11-03 07:06:00,07:06,22,55,0,0
2025-11-03 07:06:00,2025-11-03 07:07:00,07:07,5,26,0,1
2025-11-03 07:07:00,2025-11-03 07:08:00,07:08,21,100,0,0
2025-11-03 07:08:00,2025-11-03 07:09:00,07:09,14,53,0,1
2025-11-03 07:09:00,2025-11-03 07:10:00,07:10,8,22,0,1
2025-11-03 08:00:00,2025-11-03 08:01:00,08:01,8,64,0,1
2025-11-03 08:01:00,2025-11-03 08:02:00,08:02,26,125,0,0
2025-11-03 08:02:00,2025-11-03 08:03:00,08:03,25,70,1,0
2025-11-03 08:03:00,2025-11-03 08:04:00,08:04,15,108,0,0
2025-11-03 08:04:00,2025-11-03 08:05:00,08:05,27,92,0,0
2025-11-03 08:05:00,2025-11-03 08:06:00,08:06,11,48,2,0
2025-11-03 08:06:00,2025-11-03 08:07:00,08:07,21,88,2,0
2025-11-03 08:07:00,2025-11-03 08:08:00,08:08,45,88,1,0
2025-11-03 08:08:00,2025-11-03 08:09:00,08:09,13,73,0,0
2025-11-03 08:09:00,2025-11-03 08:10:00,08:10,27,106,0,0
2025-11-03 09:00:00,2025-11-03 09:01:00,09:01,27,76,0,0
2025-11-03 09:01:00,2025-11-03 09:02:00,09:02,7,29,0,1
2025-11-03 09:02:00,2025-11-03 09:03:00,09:03,20,81,0,0
2025-11-03 09:03:00,2025-11-03 09:04:00,09:04,29,73,1,0
2025-11-03 09:04:00,2025-11-03 09:05:00,09:05,9,30,0,1
2025-11-03 09:05:00,2025-11-03 09:06:00,09:06,14,69,0,0
2025-11-03 09:06:00,2025-11-03 09:07:00,09:07,34,95,1,0
2025-11-03 09:07:00,2025-11-03 09:08:00,09:08,22,49,0,0
2025-11-03 09:08:00,2025-11-03 09:09:00,09:09,8,25,0,1
2025-11-03 09:09:00,2025-11-03 09:10:00,09:10,25,94,1,0
2025-11-03 09:10:00,2025-11-03 10:01:00,09:11,24,61,0,0
2025-11-03 10:00:00,2025-11-03 10:01:00,10:01,22,96,2,0
2025-11-03 10:01:00,2025-11-03 10:02:00,10:02,35,61,0,0
2025-11-03 10:02:00,2025-11-03 10:03:00,10:03,11,27,0,1
2025-11-03 10:03:00,2025-11-03 10:04:00,10:04,11,61,0,1
2025-11-03 10:04:00,2025-11-03 10:05:00,10:05,26,96,0,0
2025-11-03 10:05:00,2025-11-03 10:06:00,10:06,21,45,1,0
2025-11-03 10:06:00,2025-11-03 10:07:00,10:07,8,21,1,1
2025-11-03 10:07:00,2025-11-03 10:08:00,10:08,17,89,0,0
2025-11-03 10:08:00,2025-11-03 10:09:00,10:09,36,81,1,0
2025-11-03 10:09:00,2025-11-03 10:10:00,10:10,25,37,0,0
2025-11-03 11:00:00,2025-11-03 11:01:00,11:01,8,13,0,1
2025-11-03 11:01:00,2025-11-03 11:02:00,11:02,26,46,2,0
2025-11-03 11:02:00,2025-11-03 11:03:00,11:03,19,69,0,0
2025-11-03 11:03:00,2025-11-03 11:04:00,11:04,24,66,0,0
2025-11-03 11:04:00,2025-11-03 11:05:00,11:05,30,51,1,0
2025-11-03 11:05:00,2025-11-03 11:06:00,11:06,11,66,1,0
2025-11-03 11:06:00,2025-11-03 11:07:00,11:07,41,79,0,0
2025-11-03 11:07:00,2025-11-03 11:08:00,11:08,21,53,2,0
2025-11-03 11:08:00,2025-11-03 11:09:00,11:09,15,69,1,0
2025-11-03 11:09:00,2025-11-03 11:10:00,11:10,28,81,3,0
2025-11-03 12:00:00,2025-11-03 12:01:00,12:01,31,22,1,0
2025-11-03 12:01:00,2025-11-03 12:02:00,12:02,26,40,1,0
2025-11-03 12:02:00,2025-11-03 12:03:00,12:03,30,28,0,0
2025-11-03 12:03:00,2025-11-03 12:04:00,12:04,25,31,2,0
2025-11-03 12:04:00,2025-11-03 12:05:00,12:05,24,60,0,0
2025-11-03 12:05:00,2025-11-03 12:06:00,12:06,29,42,1,0
2025-11-03 12:06:00,2025-11-03 12:07:00,12:07,27,29,2,0
2025-11-03 12:07:00,2025-11-03 12:08:00,12:08,22,82,1,0
2025-11-03 12:08:00,2025-11-03 12:09:00,12:09,21,29,2,0
2025-11-03 12:09:00,2025-11-03 12:10:00,12:10,34,53,0,0
2025-11-03 12:10:00,2025-11-03 13:02:00,12:56,0,0,0,1
2025-11-03 13:02:00,2025-11-03 13:05:00,01:05,0,0,0,1
2025-11-03 13:05:00,2025-11-03 13:08:00,01:08,0,0,0,1
2025-11-03 14:00:00,2025-11-03 14:01:00,02:01,29,32,1,0
2025-11-03 14:01:00,2025-11-03 14:02:00,02:02,35,80,0,0
2025-11-03 14:02:00,2025-11-03 14:03:00,02:03,31,50,0,0
2025-11-03 14:03:00,2025-11-03 14:04:00,02:04,27,62,2,0
2025-11-03 14:04:00,2025-11-03 14:05:00,02:05,37,79,2,0
2025-11-03 14:05:00,2025-11-03 14:06:00,02:06,36,63,0,0
2025-11-03 14:06:00,2025-11-03 14:07:00,02:07,32,63,0,0
2025-11-03 14:07:00,2025-11-03 14:08:00,02:08,30,82,0,0
2025-11-03 14:08:00,2025-11-03 14:09:00,02:09,28,31,1,0
2025-11-03 14:09:00,2025-11-03 14:10:00,02:10,19,81,1,0
2025-11-03 15:00:00,2025-11-03 15:01:00,03:01,45,83,1,0
2025-11-03 15:01:00,2025-11-03 15:02:00,03:02,22,49,1,0
2025-11-03 15:02:00,2025-11-03 15:03:00,03:03,22,92,0,0
2025-11-03 15:03:00,2025-11-03 15:04:00,03:04,37,79,1,0
2025-11-03 15:04:00,2025-11-03 15:05:00,03:05,32,69,3,0
2025-11-03 15:05:00,2025-11-03 15:06:00,03:06,27,85,0,0
2025-11-03 15:06:00,2025-11-03 15:07:00,03:07,40,56,2,0
2025-11-03 15:07:00,2025-11-03 15:08:00,03:08,25,104,0,0
2025-11-03 15:08:00,2025-11-03 15:09:00,03:09,30,67,1,0
2025-11-03 15:09:00,2025-11-03 15:10:00,03:10,34,64,1,0
2025-11-03 16:00:00,2025-11-03 16:01:00,04:01,37,86,0,0
2025-11-03 16:01:00,2025-11-03 16:02:00,04:02,29,126,0,0
2025-11-03 16:02:00,2025-11-03 16:03:00,04:03,34,37,0,0
2025-11-03 16:03:00,2025-11-03 16:04:00,04:04,21,97,0,0
2025-11-03 16:04:00,2025-11-03 16:05:00,04:05,28,89,3,0
2025-11-03 16:05:00,2025-11-03 16:06:00,04:06,46,67,1,0
2025-11-03 16:06:00,2025-11-03 16:07:00,04:07,22,151,0,0
2025-11-03 16:07:00,2025-11-03 16:08:00,04:08,43,78,1,0
2025-11-03 16:08:00,2025-11-03 16:09:00,04:09,20,58,0,0
2025-11-03 16:09:00,2025-11-03 16:10:00,04:10,28,163,0,0
2025-11-03 17:00:00,2025-11-03 17:01:00,05:01,32,167,1,0
2025-11-03 17:01:00,2025-11-03 17:02:00,05:02,34,65,0,0
2025-11-03 17:02:00,2025-11-03 17:03:00,05:03,23,175,0,0
2025-11-03 17:03:00,2025-11-03 17:04:00,05:04,30,73,0,0
2025-11-03 17:04:00,2025-11-03 17:05:00,05:05,29,107,0,0
2025-11-03 17:05:00,2025-11-03 17:06:00,05:06,16,192,1,0
2025-11-03 17:06:00,2025-11-03 17:07:00,05:07,46,98,0,0
2025-11-03 17:07:00,2025-11-03 17:08:00,05:08,27,112,0,0
2025-11-03 17:08:00,2025-11-03 17:09:00,05:09,19,200,0,0
2025-11-03 17:09:00,2025-11-03 21:10:00,05:10,32,105,0,0
2025-11-03 18:00:00,2025-11-03 18:01:00,06:01,23,68,0,0
2025-11-03 18:01:00,2025-11-03 18:02:00,06:02,22,116,0,0
2025-11-03 18:02:00,2025-11-03 18:03:00,06:03,29,78,0,0
2025-11-03 18:03:00,2025-11-03 18:04:00,06:04,14,58,0,0
2025-11-03 18:04:00,2025-11-03 18:05:00,06:05,26,142,0,0
2025-11-03 18:05:00,2025-11-03 18:06:00,06:06,22,101,0,0
2025-11-03 18:06:00,2025-11-03 18:07:00,06:07,20,55,0,0
2025-11-03 18:07:00,2025-11-03 18:08:00,06:08,20,100,0,0
2025-11-03 18:08:00,2025-11-03 18:09:00,06:09,24,91,0,0
2025-11-03 18:09:00,2025-11-03 18:10:00,06:10,30,66,1,0
2025-11-03 19:00:00,2025-11-03 19:01:00,07:01,25,80,1,0
2025-11-03 19:01:00,2025-11-03 19:02:00,07:02,24,58,0,0
2025-11-03 19:02:00,2025-11-03 19:03:00,07:03,13,57,0,1
2025-11-03 19:03:00,2025-11-03 19:04:00,07:04,30,65,0,0
2025-11-03 19:04:00,2025-11-03 19:05:00,07:05,26,54,0,0
2025-11-03 19:05:00,2025-11-03 19:06:00,07:06,13,65,0,0
2025-11-03 19:06:00,2025-11-03 19:07:00,07:07,34,76,1,0
2025-11-03 19:07:00,2025-11-03 19:08:00,07:08,12,60,0,1
2025-11-03 19:08:00,2025-11-03 19:09:00,07:09,9,80,0,0
2025-11-03 19:09:00,2025-11-03 19:10:00,07:10,21,80,1,0
2025-11-03 20:00:00,2025-11-03 20:01:00,08:01,23,59,0,0
2025-11-03 20:01:00,2025-11-03 20:02:00,08:02,13,82,0,0
2025-11-03 20:02:00,2025-11-03 20:03:00,08:03,22,56,0,0
2025-11-03 20:03:00,2025-11-03 20:04:00,08:04,29,61,0,0
2025-11-03 20:04:00,2025-11-03 20:05:00,08:05,18,88,0,0
2025-11-03 20:05:00,2025-11-03 20:06:00,08:06,21,61,1,0
2025-11-03 20:06:00,2025-11-03 20:07:00,08:07,22,53,0,0
2025-11-03 20:07:00,2025-11-03 20:08:00,08:08,12,96,0,0
2025-11-03 20:08:00,2025-11-03 20:09:00,08:09,24,47,0,0
2025-11-03 20:09:00,2025-11-03 20:10:00,08:10,17,47,0,0
2025-11-03 21:00:00,2025-11-03 21:00:00,09:01,21,47,0,0
2025-11-03 21:00:00,2025-11-03 21:01:00,09:01,0,0,0,1
2025-11-03 21:01:00,2025-11-03 21:02:00,09:02,19,85,0,0
2025-11-03 21:02:00,2025-11-03 21:03:00,09:03,22,33,0,0
2025-11-03 21:03:00,2025-11-03 21:04:00,09:04,16,68,1,0
2025-11-03 21:04:00,2025-11-03 21:05:00,09:05,14,76,0,0
2025-11-03 21:05:00,2025-11-03 21:06:00,09:06,24,65,1,0
2025-11-03 21:06:00,2025-11-03 21:07:00,09:07,18,41,0,1
2025-11-03 21:07:00,2025-11-03 21:08:00,09:08,13,86,0,0
2025-11-03 21:08:00,2025-11-03 21:09:00,09:09,19,66,0,0
2025-11-03 21:09:00,2025-11-03 21:10:00,09:10,18,48,0,0
2025-11-03 21:10:00,2025-11-03 22:01:00,09:56,0,0,0,1
2025-11-03 22:00:00,2025-11-03 22:01:00,10:01,18,45,0,0
2025-11-03 22:01:00,2025-11-03 22:02:00,10:02,16,70,0,0
2025-11-03 22:02:00,2025-11-03 22:05:00,10:05,17,33,0,1
2025-11-03 22:05:00,2025-11-03 22:06:00,10:06,1,5,0,1
2025-11-03 22:06:00,2025-11-03 22:07:00,10:07,13,72,0,0
2025-11-03 22:07:00,2025-11-03 22:08:00,10:08,12,65,0,0
2025-11-03 22:08:00,2025-11-03 22:09:00,10:09,12,50,1,1
2025-11-03 22:09:00,2025-11-03 22:10:00,10:10,13,74,0,0
2025-11-03 22:10:00,2025-11-03 23:02:00,10:56,0,0,0,1
2025-11-03 23:02:00,2025-11-03 23:03:00,11:03,0,0,0,1
2025-11-03 23:03:00,2025-11-03 23:04:00,11:04,0,0,0,1
2025-11-03 23:04:00,2025-11-03 23:05:00,11:05,2,7,0,1
2025-11-03 23:05:00,2025-11-03 23:06:00,11:06,1,10,0,1
2025-11-03 23:06:00,2025-11-03 23:07:00,11:07,3,16,0,1
2025-11-03 23:07:00,2025-11-03 23:08:00,11:08,1,18,0,1
2025-11-03 23:08:00,2025-11-03 23:09:00,11:09,2,10,0,1
2025-11-03 23:09:00,2025-11-03 23:10:00,11:10,2,15,0,1
2025-11-04 00:00:00,2025-11-04 00:01:00,12:01,0,5,0,1
2025-11-04 00:01:00,2025-11-04 00:02:00,12:02,1,1,0,1
2025-11-04 00:02:00,2025-11-04 00:03:00,12:03,0,6,0,1
2025-11-04 00:03:00,2025-11-04 00:04:00,12:04,1,17,0,1
2025-11-04 00:04:00,2025-11-04 00:05:00,12:05,0,11,0,1
2025-11-04 00:05:00,2025-11-04 00:06:00,12:06,0,10,0,1
2025-11-04 00:06:00,2025-11-04 00:07:00,12:07,1,5,0,1
2025-11-04 00:07:00,2025-11-04 00:08:00,12:08,0,20,0,1
2025-11-04 00:08:00,2025-11-04 00:09:00,12:09,0,20,0,1
2025-11-04 00:09:00,2025-11-04 00:10:00,12:10,1,10,0,1
2025-11-04 01:00:00,2025-11-04 01:01:00,01:01,0,0,0,1
2025-11-04 01:01:00,2025-11-04 01:02:00,01:02,1,10,0,1
2025-11-04 01:02:00,2025-11-04 01:03:00,01:03,0,5,0,1
2025-11-04 01:03:00,2025-11-04 01:04:00,01:04,0,4,0,1
2025-11-04 01:04:00,2025-11-04 01:05:00,01:05,1,5,0,1
2025-11-04 01:05:00,2025-11-04 01:06:00,01:06,0,2,0,1
2025-11-04 01:06:00,2025-11-04 01:07:00,01:07,1,4,0,1
2025-11-04 01:07:00,2025-11-04 01:08:00,01:08,0,2,0,1
2025-11-04 01:08:00,2025-11-04 01:09:00,01:09,4,5,0,1
2025-11-04 01:09:00,2025-11-04 01:10:00,01:10,0,6,0,1
2025-11-04 02:00:00,2025-11-04 02:01:00,02:01,0,3,0,1
2025-11-04 02:01:00,2025-11-04 02:02:00,02:02,0,5,0,1
2025-11-04 02:02:00,2025-11-04 02:03:00,02:03,0,2,0,1
2025-11-04 02:03:00,2025-11-04 02:04:00,02:04,1,6,0,1
2025-11-04 02:04:00,2025-11-04 02:05:00,02:05,0,4,0,1
2025-11-04 02:05:00,2025-11-04 02:06:00,02:06,0,7,0,1
2025-11-04 02:06:00,2025-11-04 02:07:00,02:07,0,6,0,1
2025-11-04 02:07:00,2025-11-04 02:08:00,02:08,0,8,0,1
2025-11-04 02:08:00,2025-11-04 02:09:00,02:09,0,1,0,1
2025-11-04 02:09:00,2025-11-04 02:10:00,02:10,1,5,0,1
2025-11-04 03:00:00,2025-11-04 03:01:00,03:01,0,4,0,1
2025-11-04 03:01:00,2025-11-04 03:02:00,03:02,0,4,0,1
2025-11-04 03:02:00,2025-11-04 03:03:00,03:03,0,8,0,1
2025-11-04 03:03:00,2025-11-04 03:04:00,03:04,0,6,0,1
2025-11-04 03:04:00,2025-11-04 03:05:00,03:05,0,8,0,1
2025-11-04 03:05:00,2025-11-04 03:06:00,03:06,0,11,0,1
2025-11-04 03:06:00,2025-11-04 03:07:00,03:07,1,1,0,1
2025-11-04 03:07:00,2025-11-04 03:08:00,03:08,1,4,0,1
2025-11-04 03:08:00,2025-11-04 03:09:00,03:09,0,4,0,1
2025-11-04 03:09:00,2025-11-04 03:10:00,03:10,0,3,0,1
2025-11-04 04:00:00,2025-11-04 04:01:00,04:01,0,0,0,1
2025-11-04 04:01:00,2025-11-04 04:02:00,04:02,0,3,0,1
2025-11-04 04:02:00,2025-11-04 04:03:00,04:03,0,2,0,1
2025-11-04 04:03:00,2025-11-04 04:04:00,04:04,1,2,0,1
2025-11-04 04:04:00,2025-11-04 04:05:00,04:05,0,1,0,1
2025-11-04 04:05:00,2025-11-04 04:06:00,04:06,0,3,0,1
2025-11-04 04:06:00,2025-11-04 04:07:00,04:07,0,6,0,1
2025-11-04 04:07:00,2025-11-04 04:08:00,04:08,0,5,0,1
2025-11-04 04:08:00,2025-11-04 04:09:00,04:09,0,3,0,1
2025-11-04 04:09:00,2025-11-04 04:10:00,04:10,1,3,0,1
2025-11-04 04:10:00,2025-11-04 05:02:00,04:56,0,0,0,1
2025-11-04 05:02:00,2025-11-04 05:03:00,05:03,1,1,0,1
2025-11-04 05:03:00,2025-11-04 05:04:00,05:04,2,28,0,1
2025-11-04 05:04:00,2025-11-04 05:05:00,05:05,3,24,0,1
2025-11-04 05:05:00,2025-11-04 05:06:00,05:06,5,8,0,1
2025-11-04 05:06:00,2025-11-04 05:07:00,05:07,1,24,0,1
2025-11-04 05:07:00,2025-11-04 05:08:00,05:08,5,30,0,1
2025-11-04 05:08:00,2025-11-04 05:09:00,05:09,1,8,0,1
2025-11-04 05:09:00,2025-11-04 09:10:00,05:10,1,16,0,1
2025-11-04 06:00:00,2025-11-04 06:01:00,06:01,9,32,0,1
2025-11-04 06:01:00,2025-11-04 06:02:00,06:02,7,27,0,1
2025-11-04 06:02:00,2025-11-04 06:03:00,06:03,4,24,1,1
2025-11-04 06:03:00,2025-11-04 06:04:00,06:04,3,45,0,1
2025-11-04 06:04:00,2025-11-04 06:05:00,06:05,4,38,0,1
2025-11-04 07:00:00,2025-11-04 07:01:00,07:01,9,91,1,0
2025-11-04 07:01:00,2025-11-04 07:02:00,07:02,22,53,1,0
2025-11-04 07:02:00,2025-11-04 07:03:00,07:03,16,89,2,0
2025-11-04 07:03:00,2025-11-04 07:04:00,07:04,18,49,1,0
2025-11-04 07:04:00,2025-11-04 07:05:00,07:05,12,71,0,0
2025-11-04 07:05:00,2025-11-04 07:06:00,07:06,34,129,0,0
2025-11-04 07:06:00,2025-11-04 07:07:00,07:07,21,38,0,0
2025-11-04 07:07:00,2025-11-04 07:08:00,07:08,22,72,0,0
2025-11-04 07:08:00,2025-11-04 07:09:00,07:09,19,64,1,0
2025-11-04 07:09:00,2025-11-04 07:10:00,07:10,15,30,1,1
2025-11-04 08:00:00,2025-11-04 08:01:00,08:01,12,71,0,0
2025-11-04 08:01:00,2025-11-04 08:02:00,08:02,29,138,1,0
2025-11-04 08:02:00,2025-11-04 08:03:00,08:03,15,43,0,1
2025-11-04 08:03:00,2025-11-04 08:04:00,08:04,19,102,0,0
2025-11-04 08:04:00,2025-11-04 08:05:00,08:05,32,126,1,0
2025-11-04 08:05:00,2025-11-04 08:06:00,08:06,15,62,0,0
2025-11-04 08:06:00,2025-11-04 08:07:00,08:07,30,132,0,0
2025-11-04 08:07:00,2025-11-04 08:08:00,08:08,24,65,0,0
2025-11-04 08:08:00,2025-11-04 08:09:00,08:09,9,61,0,1
2025-11-04 08:09:00,2025-11-04 08:10:00,08:10,26,137,0,0
2025-11-04 09:00:00,2025-11-04 09:01:00,09:01,26,66,1,0
2025-11-04 09:01:00,2025-11-04 09:02:00,09:02,8,25,0,1
2025-11-04 09:02:00,2025-11-04 09:03:00,09:03,19,57,1,0
2025-11-04 09:03:00,2025-11-04 09:04:00,09:04,31,79,1,0
2025-11-04 09:04:00,2025-11-04 09:05:00,09:05,8,36,0,1
2025-11-04 09:05:00,2025-11-04 09:06:00,09:06,13,36,0,1
2025-11-04 09:06:00,2025-11-04 09:07:00,09:07,26,105,0,0
2025-11-04 09:07:00,2025-11-04 09:08:00,09:08,19,33,2,0
2025-11-04 09:08:00,2025-11-04 09:09:00,09:09,4,34,0,1
2025-11-04 09:09:00,2025-11-04 09:10:00,09:10,22,129,0,0
2025-11-04 09:10:00,2025-11-04 10:01:00,09:56,0,0,0,1
2025-11-04 10:00:00,2025-11-04 10:01:00,10:01,6,44,1,1
2025-11-04 10:01:00,2025-11-04 10:02:00,10:02,21,58,0,0
2025-11-04 10:02:00,2025-11-04 10:03:00,10:03,32,81,0,0
2025-11-04 10:03:00,2025-11-04 10:04:00,10:04,21,65,0,0
2025-11-04 10:04:00,2025-11-04 10:05:00,10:05,12,80,0,0
2025-11-04 10:05:00,2025-11-04 10:06:00,10:06,29,66,0,0
2025-11-04 10:06:00,2025-11-04 10:07:00,10:07,21,37,0,0
2025-11-04 10:07:00,2025-11-04 10:08:00,10:08,11,80,0,0
2025-11-04 10:08:00,2025-11-04 10:09:00,10:09,32,61,0,0
2025-11-04 10:09:00,2025-11-04 11:10:00,10:10,33,61,0,0
2025-11-04 11:01:00,2025-11-04 11:02:00,11:02,16,22,0,1
2025-11-04 11:02:00,2025-11-04 11:03:00,11:03,33,51,2,0
2025-11-04 11:03:00,2025-11-04 11:04:00,11:04,32,86,3,0
2025-11-04 11:04:00,2025-11-04 11:05:00,11:05,37,35,3,0
2025-11-04 11:05:00,2025-11-04 11:06:00,11:06,25,82,0,0
2025-11-04 11:06:00,2025-11-04 11:07:00,11:07,36,98,1,0
2025-11-04 11:07:00,2025-11-04 11:08:00,11:08,30,33,2,0
2025-11-04 11:08:00,2025-11-04 11:09:00,11:09,21,85,0,0
2025-11-04 11:09:00,2025-11-04 11:10:00,11:10,34,84,4,0
2025-11-04 11:10:00,2025-11-04 11:01:00,11:01,0,0,0,1
2025-11-04 12:00:00,2025-11-04 12:01:00,12:01,14,15,0,1
2025-11-04 12:01:00,2025-11-04 12:02:00,12:02,19,71,0,0
2025-11-04 12:02:00,2025-11-04 12:03:00,12:03,33,44,0,0
2025-11-04 12:03:00,2025-11-04 12:04:00,12:04,31,30,0,0
2025-11-04 12:04:00,2025-11-04 12:05:00,12:05,14,94,0,0
2025-11-04 12:05:00,2025-11-04 12:06:00,12:06,26,40,0,0
2025-11-04 12:06:00,2025-11-04 12:07:00,12:07,30,32,1,0
2025-11-04 12:07:00,2025-11-04 12:08:00,12:08,29,108,1,0
2025-11-04 12:08:00,2025-11-04 12:09:00,12:09,41,50,2,0
2025-11-04 12:09:00,2025-11-04 12:10:00,12:10,26,54,2,0
2025-11-04 12:10:00,2025-11-04 13:02:00,12:56,0,0,0,1
2025-11-04 13:02:00,2025-11-04 13:05:00,01:05,0,0,0,1
2025-11-04 13:05:00,2025-11-04 13:08:00,01:08,0,0,0,1
2025-11-04 14:00:00,2025-11-04 14:01:00,02:01,34,45,0,0
2025-11-04 14:01:00,2025-11-04 14:02:00,02:02,41,91,0,0
2025-11-04 14:02:00,2025-11-04 14:03:00,02:03,33,46,0,0
2025-11-04 14:03:00,2025-11-04 14:04:00,02:04,26,88,0,0
2025-11-04 14:04:00,2025-11-04 14:05:00,02:05,27,52,1,0
2025-11-04 14:05:00,2025-11-04 14:06:00,02:06,34,59,1,0
2025-11-04 14:06:00,2025-11-04 14:07:00,02:07,30,76,0,0
2025-11-04 14:07:00,2025-11-04 14:08:00,02:08,36,68,2,0
2025-11-04 14:08:00,2025-11-04 14:09:00,02:09,36,62,0,0
2025-11-04 14:09:00,2025-11-04 14:10:00,02:10,29,95,0,0
2025-11-04 15:00:00,2025-11-04 15:01:00,03:01,39,53,1,0
2025-11-04 15:01:00,2025-11-04 15:02:00,03:02,32,47,0,0
2025-11-04 15:02:00,2025-11-04 15:03:00,03:03,24,113,0,0
2025-11-04 15:03:00,2025-11-04 15:04:00,03:04,33,47,0,0
2025-11-04 15:04:00,2025-11-04 15:05:00,03:05,20,68,0,0
2025-11-04 15:05:00,2025-11-04 15:06:00,03:06,41,96,1,0
2025-11-04 15:06:00,2025-11-04 15:07:00,03:07,32,80,0,0
2025-11-04 15:07:00,2025-11-04 15:08:00,03:08,27,90,1,0
2025-11-04 15:08:00,2025-11-04 15:09:00,03:09,41,80,0,0
2025-11-04 15:09:00,2025-11-04 15:10:00,03:10,43,65,1,0
2025-11-04 16:00:00,2025-11-04 16:01:00,04:01,25,83,0,0
2025-11-04 16:01:00,2025-11-04 16:02:00,04:02,31,125,0,0
2025-11-04 16:02:00,2025-11-04 16:03:00,04:03,42,70,0,0
2025-11-04 16:03:00,2025-11-04 16:04:00,04:04,15,119,0,0
2025-11-04 16:04:00,2025-11-04 16:05:00,04:05,39,85,2,0
2025-11-04 16:05:00,2025-11-04 16:06:00,04:06,26,50,0,0
2025-11-04 16:06:00,2025-11-04 16:07:00,04:07,27,165,0,0
2025-11-04 16:07:00,2025-11-04 16:08:00,04:08,29,104,2,0
2025-11-04 16:08:00,2025-11-04 16:09:00,04:09,30,64,1,0
2025-11-04 16:09:00,2025-11-04 16:10:00,04:10,30,151,0,0
2025-11-04 17:00:00,2025-11-04 17:01:00,05:01,27,143,0,0
2025-11-04 17:01:00,2025-11-04 17:02:00,05:02,44,79,0,0
2025-11-04 17:02:00,2025-11-04 17:05:00,05:05,3,17,0,1
2025-11-04 17:05:00,2025-11-04 17:06:00,05:06,3,41,0,1
2025-11-04 17:06:00,2025-11-04 17:07:00,05:07,38,117,0,0
2025-11-04 17:07:00,2025-11-04 17:08:00,05:08,23,80,0,0
2025-11-04 17:08:00,2025-11-04 17:09:00,05:09,24,190,1,0
2025-11-04 17:09:00,2025-11-04 18:10:00,05:10,38,121,0,0
2025-11-04 18:00:00,2025-11-04 18:01:00,06:01,9,17,0,1
2025-11-04 18:01:00,2025-11-04 18:02:00,06:02,19,122,1,0
2025-11-04 18:02:00,2025-11-04 18:03:00,06:03,34,69,0,0
2025-11-04 18:03:00,2025-11-04 18:04:00,06:04,39,72,1,0
2025-11-04 18:04:00,2025-11-04 18:05:00,06:05,14,93,0,0
2025-11-04 18:05:00,2025-11-04 18:06:00,06:06,41,118,0,0
2025-11-04 18:06:00,2025-11-04 18:07:00,06:07,31,57,0,0
2025-11-04 18:07:00,2025-11-04 18:08:00,06:08,21,119,0,0
2025-11-04 18:08:00,2025-11-04 18:09:00,06:09,38,102,1,0
2025-11-04 18:09:00,2025-11-04 19:10:00,06:10,23,50,0,0
2025-11-04 19:00:00,2025-11-04 19:01:00,07:01,13,25,0,1
2025-11-04 19:01:00,2025-11-04 19:02:00,07:02,21,65,0,0
2025-11-04 19:02:00,2025-11-04 19:03:00,07:03,17,77,0,0
2025-11-04 19:03:00,2025-11-04 19:04:00,07:04,26,48,1,0
2025-11-04 19:04:00,2025-11-04 19:05:00,07:05,25,54,0,0
2025-11-04 19:05:00,2025-11-04 19:06:00,07:06,17,94,0,0
2025-11-04 19:06:00,2025-11-04 19:07:00,07:07,26,85,0,0
2025-11-04 19:07:00,2025-11-04 19:08:00,07:08,22,50,0,0
2025-11-04 19:08:00,2025-11-04 19:09:00,07:09,18,51,1,0
2025-11-04 19:09:00,2025-11-04 19:10:00,07:10,20,99,0,0
2025-11-04 20:00:00,2025-11-04 20:03:00,08:03,11,39,0,1
2025-11-04 20:03:00,2025-11-04 20:04:00,08:04,9,26,0,1
2025-11-04 20:04:00,2025-11-04 20:05:00,08:05,26,70,0,0
2025-11-04 20:05:00,2025-11-04 20:06:00,08:06,11,107,0,0
2025-11-04 20:06:00,2025-11-04 20:07:00,08:07,21,77,0,0
2025-11-04 20:07:00,2025-11-04 20:08:00,08:08,14,32,0,1
2025-11-04 20:08:00,2025-11-04 20:09:00,08:09,0,0,0,1
2025-11-04 21:00:00,2025-11-04 21:01:00,09:01,7,48,0,1
2025-11-04 21:01:00,2025-11-04 21:02:00,09:02,25,96,1,0
2025-11-04 21:02:00,2025-11-04 21:03:00,09:03,23,59,0,0
2025-11-04 21:03:00,2025-11-04 21:04:00,09:04,18,65,0,0
2025-11-04 21:04:00,2025-11-04 21:05:00,09:05,14,52,0,1
2025-11-04 21:05:00,2025-11-04 21:06:00,09:06,29,112,1,0
2025-11-04 21:06:00,2025-11-04 21:07:00,09:07,27,66,0,0
2025-11-04 21:07:00,2025-11-04 21:08:00,09:08,22,69,0,0
2025-11-04 21:08:00,2025-11-04 21:09:00,09:09,18,79,0,0
2025-11-04 21:09:00,2025-11-04 21:10:00,09:10,29,70,0,0
2025-11-04 21:10:00,2025-11-04 22:01:00,09:57,0,0,0,1
2025-11-04 22:00:00,2025-11-04 22:01:00,10:01,12,86,0,0
2025-11-04 22:01:00,2025-11-04 22:02:00,10:02,17,43,0,1
2025-11-04 22:02:00,2025-11-04 22:03:00,10:03,18,68,0,0
2025-11-04 22:03:00,2025-11-04 22:04:00,10:04,20,89,0,0
2025-11-04 22:04:00,2025-11-04 22:05:00,10:05,20,72,0,0
2025-11-04 22:05:00,2025-11-04 22:06:00,10:06,11,54,0,1
2025-11-04 22:06:00,2025-11-04 22:07:00,10:07,26,104,0,0
2025-11-04 22:07:00,2025-11-04 22:08:00,10:08,19,56,0,0
2025-11-04 22:08:00,2025-11-04 22:09:00,10:09,11,69,0,0
2025-11-04 22:09:00,2025-11-04 22:10:00,10:10,22,115,0,0
2025-11-04 23:00:00,2025-11-04 23:01:00,11:01,5,24,0,1
2025-11-04 23:01:00,2025-11-04 23:02:00,11:02,12,65,0,0
2025-11-04 23:02:00,2025-11-04 23:03:00,11:03,10,37,0,1
2025-11-04 23:03:00,2025-11-04 23:04:00,11:04,7,37,2,1
2025-11-04 23:04:00,2025-11-04 23:05:00,11:05,8,36,0,1
2025-11-04 23:05:00,2025-11-04 23:06:00,11:06,6,42,0,1
2025-11-04 23:06:00,2025-11-04 23:07:00,11:07,14,41,3,0
2025-11-04 23:07:00,2025-11-04 23:08:00,11:08,6,39,2,1
2025-11-04 23:08:00,2025-11-04 23:09:00,11:09,16,49,2,0
2025-11-04 23:09:00,2025-11-04 23:10:00,11:10,13,50,0,1
2025-11-05 00:00:00,2025-11-05 00:01:00,12:01,2,18,0,1
2025-11-05 00:01:00,2025-11-05 00:02:00,12:02,12,25,0,1
2025-11-05 00:02:00,2025-11-05 00:03:00,12:03,4,15,0,1
2025-11-05 00:03:00,2025-11-05 00:04:00,12:04,5,33,0,1
2025-11-05 00:04:00,2025-11-05 00:05:00,12:05,11,27,1,1
2025-11-05 00:05:00,2025-11-05 00:06:00,12:06,11,26,0,1
2025-11-05 00:06:00,2025-11-05 00:07:00,12:07,6,42,0,1
2025-11-05 00:07:00,2025-11-05 00:08:00,12:08,8,23,0,1
2025-11-05 00:08:00,2025-11-05 00:09:00,12:09,6,35,0,1
2025-11-05 00:09:00,2025-11-05 00:10:00,12:10,2,19,0,1
2025-11-05 01:00:00,2025-11-05 01:01:00,01:01,3,19,1,1
2025-11-05 01:01:00,2025-11-05 01:02:00,01:02,1,8,0,1
2025-11-05 01:02:00,2025-11-05 01:03:00,01:03,3,20,0,1
2025-11-05 01:03:00,2025-11-05 01:04:00,01:04,9,17,1,1
2025-11-05 01:04:00,2025-11-05 01:05:00,01:05,1,21,0,1
2025-11-05 01:05:00,2025-11-05 01:06:00,01:06,2,7,0,1
2025-11-05 01:06:00,2025-11-05 01:07:00,01:07,2,18,0,1
2025-11-05 01:07:00,2025-11-05 01:08:00,01:08,9,17,1,1
2025-11-05 01:08:00,2025-11-05 01:09:00,01:09,1,15,0,1
2025-11-05 01:09:00,2025-11-05 01:10:00,01:10,3,15,0,1
2025-11-05 02:00:00,2025-11-05 02:01:00,02:01,4,11,0,1
2025-11-05 02:01:00,2025-11-05 02:02:00,02:02,1,8,0,1
2025-11-05 02:02:00,2025-11-05 02:03:00,02:03,6,10,0,1
2025-11-05 02:03:00,2025-11-05 02:04:00,02:04,3,7,0,1
2025-11-05 02:04:00,2025-11-05 02:05:00,02:05,5,16,0,1
2025-11-05 02:05:00,2025-11-05 02:06:00,02:06,2,7,0,1
2025-11-05 02:06:00,2025-11-05 02:07:00,02:07,4,7,0,1
2025-11-05 02:07:00,2025-11-05 02:08:00,02:08,4,10,0,1
2025-11-05 02:08:00,2025-11-05 02:09:00,02:09,0,10,0,1
2025-11-05 02:09:00,2025-11-05 02:10:00,02:10,0,15,0,1
2025-11-05 03:00:00,2025-11-05 03:01:00,03:01,2,5,0,1
2025-11-05 03:01:00,2025-11-05 03:02:00,03:02,2,5,0,1
2025-11-05 03:02:00,2025-11-05 03:03:00,03:03,5,9,0,1
2025-11-05 03:03:00,2025-11-05 03:04:00,03:04,1,9,0,1
2025-11-05 03:04:00,2025-11-05 03:05:00,03:05,3,4,0,1
2025-11-05 03:05:00,2025-11-05 03:06:00,03:06,3,4,0,1
2025-11-05 03:06:00,2025-11-05 03:07:00,03:07,0,7,0,1
2025-11-05 03:07:00,2025-11-05 03:08:00,03:08,4,10,0,1
2025-11-05 03:08:00,2025-11-05 03:09:00,03:09,1,8,0,1
2025-11-05 03:09:00,2025-11-05 03:10:00,03:10,1,11,0,1
2025-11-05 04:00:00,2025-11-05 04:01:00,04:01,3,8,0,1
2025-11-05 04:01:00,2025-11-05 04:02:00,04:02,3,8,0,1
2025-11-05 04:02:00,2025-11-05 04:03:00,04:03,4,9,0,1
2025-11-05 04:03:00,2025-11-05 04:04:00,04:04,5,10,0,1
2025-11-05 04:04:00,2025-11-05 04:05:00,04:05,2,10,0,1
2025-11-05 04:05:00,2025-11-05 04:06:00,04:06,2,3,0,1
2025-11-05 04:06:00,2025-11-05 04:07:00,04:07,1,14,0,1
2025-11-05 04:07:00,2025-11-05 04:08:00,04:08,2,17,1,1
2025-11-05 04:08:00,2025-11-05 04:09:00,04:09,0,2,0,1
2025-11-05 04:09:00,2025-11-05 04:10:00,04:10,0,2,0,1
2025-11-05 05:00:00,2025-11-05 05:01:00,05:01,5,23,0,1
2025-11-05 05:01:00,2025-11-05 05:02:00,05:02,1,25,0,1
2025-11-05 05:02:00,2025-11-05 05:05:00,05:05,1,13,0,1
2025-11-05 05:05:00,2025-11-05 09:08:00,05:08,0,0,0,1
2025-11-05 06:00:00,2025-11-05 06:01:00,06:01,9,60,0,1
2025-11-05 06:01:00,2025-11-05 06:02:00,06:02,2,48,0,1
2025-11-05 06:02:00,2025-11-05 06:03:00,06:03,9,51,0,1
2025-11-05 06:03:00,2025-11-05 06:04:00,06:04,2,57,0,1
2025-11-05 06:04:00,2025-11-05 06:05:00,06:05,7,67,0,1
2025-11-05 06:05:00,2025-11-05 06:06:00,06:06,9,98,0,0
2025-11-05 06:06:00,2025-11-05 06:07:00,06:07,11,41,1,1
2025-11-05 06:07:00,2025-11-05 06:08:00,06:08,11,67,2,0
2025-11-05 06:08:00,2025-11-05 06:09:00,06:09,3,52,0,1
2025-11-05 06:09:00,2025-11-05 06:10:00,06:10,25,101,3,0
2025-11-05 07:00:00,2025-11-05 07:01:00,07:01,10,76,1,0
2025-11-05 07:00:00,2025-11-05 07:01:00,07:01,7,40,0,1
2025-11-05 07:01:00,2025-11-05 07:02:00,07:02,7,29,0,1
2025-11-05 07:01:00,2025-11-05 07:02:00,07:02,11,34,0,1
2025-11-05 07:02:00,2025-11-05 07:03:00,07:03,16,117,0,0
2025-11-05 07:02:00,2025-11-05 07:03:00,07:03,15,127,0,0
2025-11-05 07:03:00,2025-11-05 07:04:00,07:04,20,37,0,0
2025-11-05 07:03:00,2025-11-05 07:04:00,07:04,24,48,0,0
2025-11-05 07:04:00,2025-11-05 07:05:00,07:05,3,58,0,1
2025-11-05 07:04:00,2025-11-05 07:05:00,07:05,5,67,0,1
2025-11-05 07:05:00,2025-11-05 07:06:00,07:06,28,76,3,0
2025-11-05 07:05:00,2025-11-05 07:06:00,07:06,26,64,3,0
2025-11-05 07:06:00,2025-11-05 07:07:00,07:07,5,28,0,1
2025-11-05 07:06:00,2025-11-05 07:07:00,07:07,6,24,0,1
2025-11-05 07:07:00,2025-11-05 07:08:00,07:08,16,103,0,0
2025-11-05 07:07:00,2025-11-05 07:08:00,07:08,15,95,0,0
2025-11-05 07:08:00,2025-11-05 07:09:00,07:09,41,55,1,0
2025-11-05 07:08:00,2025-11-05 07:09:00,07:09,42,58,1,0
2025-11-05 07:09:00,2025-11-05 07:10:00,07:10,5,30,0,1
2025-11-05 07:09:00,2025-11-05 07:10:00,07:10,5,33,0,1
2025-11-05 07:10:00,2025-11-05 11:06:00,07:11,28,119,0,0
2025-11-05 08:00:00,2025-11-05 08:01:00,08:01,12,91,0,0
2025-11-05 08:01:00,2025-11-05 08:02:00,08:02,28,114,1,0
2025-11-05 08:02:00,2025-11-05 08:03:00,08:03,21,62,0,0
2025-11-05 08:03:00,2025-11-05 08:04:00,08:04,27,110,0,0
2025-11-05 08:04:00,2025-11-05 08:05:00,08:05,27,141,1,0
2025-11-05 08:05:00,2025-11-05 08:06:00,08:06,7,43,1,1
2025-11-05 08:06:00,2025-11-05 08:07:00,08:07,25,147,0,0
2025-11-05 08:07:00,2025-11-05 08:08:00,08:08,18,72,0,0
2025-11-05 08:08:00,2025-11-05 08:09:00,08:09,11,102,0,0
2025-11-05 08:09:00,2025-11-05 08:10:00,08:10,34,104,2,0
2025-11-05 09:00:00,2025-11-05 09:01:00,09:01,28,97,0,0
2025-11-05 09:01:00,2025-11-05 09:02:00,09:02,12,30,0,1
2025-11-05 09:02:00,2025-11-05 09:03:00,09:03,21,71,1,0
2025-11-05 09:03:00,2025-11-05 09:04:00,09:04,32,89,1,0
2025-11-05 09:04:00,2025-11-05 09:05:00,09:05,9,32,0,1
2025-11-05 09:05:00,2025-11-05 09:06:00,09:06,14,68,0,0
2025-11-05 09:06:00,2025-11-05 09:07:00,09:07,28,100,0,0
2025-11-05 09:07:00,2025-11-05 09:08:00,09:08,13,35,0,1
2025-11-05 09:08:00,2025-11-05 09:09:00,09:09,8,30,0,1
2025-11-05 09:09:00,2025-11-05 09:10:00,09:10,32,136,0,0
2025-11-05 09:10:00,2025-11-05 10:01:00,09:58,0,0,0,1
2025-11-05 10:00:00,2025-11-05 10:01:00,10:01,22,65,1,0
2025-11-05 10:01:00,2025-11-05 10:02:00,10:02,10,54,0,1
2025-11-05 10:02:00,2025-11-05 10:03:00,10:03,30,80,3,0
2025-11-05 10:03:00,2025-11-05 10:04:00,10:04,18,40,0,1
2025-11-05 10:04:00,2025-11-05 10:05:00,10:05,9,60,0,1
2025-11-05 10:05:00,2025-11-05 10:06:00,10:06,36,81,0,0
2025-11-05 10:06:00,2025-11-05 10:07:00,10:07,9,43,0,1
2025-11-05 10:07:00,2025-11-05 10:08:00,10:08,19,62,0,0
2025-11-05 10:08:00,2025-11-05 10:09:00,10:09,31,75,1,0
2025-11-05 10:09:00,2025-11-05 10:10:00,10:10,22,41,0,0
2025-11-05 11:00:00,2025-11-05 11:01:00,11:01,22,87,0,0
2025-11-05 11:01:00,2025-11-05 11:02:00,11:02,21,33,0,0
2025-11-05 11:02:00,2025-11-05 11:03:00,11:03,36,55,5,2
2025-11-05 11:03:00,2025-11-05 11:04:00,11:04,35,116,2,0
2025-11-05 11:04:00,2025-11-05 11:05:00,11:05,30,41,3,0
2025-11-05 11:05:00,2025-11-05 11:06:00,11:06,14,69,0,0
2025-11-05 11:06:00,2025-11-05 11:07:00,11:07,25,55,2,0
2025-11-05 11:06:00,2025-11-05 11:07:00,11:07,143,344,9,2
2025-11-05 11:07:00,2025-11-05 11:08:00,11:08,36,58,0,0
2025-11-05 11:07:00,2025-11-05 11:08:00,11:08,43,60,0,0
2025-11-05 11:08:00,2025-11-05 11:09:00,11:09,23,60,0,0
2025-11-05 11:08:00,2025-11-05 11:09:00,11:09,23,59,0,0
2025-11-05 11:09:00,2025-11-05 11:10:00,11:10,28,74,1,0
2025-11-05 11:09:00,2025-11-05 11:10:00,11:10,29,72,1,0
2025-11-05 11:10:00,2025-11-05 18:05:00,11:11,6,15,0,1
2025-11-05 12:00:00,2025-11-05 12:01:00,12:01,30,42,0,0
2025-11-05 12:01:00,2025-11-05 12:02:00,12:02,36,85,0,0
2025-11-05 12:02:00,2025-11-05 12:03:00,12:03,31,61,0,0
2025-11-05 12:03:00,2025-11-05 12:04:00,12:04,46,45,0,0
2025-11-05 12:04:00,2025-11-05 12:05:00,12:05,28,91,1,0
2025-11-05 12:05:00,2025-11-05 12:06:00,12:06,43,66,2,0
2025-11-05 12:06:00,2025-11-05 12:07:00,12:07,34,30,1,0
2025-11-05 12:07:00,2025-11-05 12:08:00,12:08,30,98,0,0
2025-11-05 12:08:00,2025-11-05 12:09:00,12:09,28,48,0,0
2025-11-05 12:09:00,2025-11-05 12:10:00,12:10,30,36,0,0
2025-11-05 12:10:00,2025-11-05 13:01:00,12:58,0,0,0,1
2025-11-05 13:01:00,2025-11-05 13:04:00,01:04,0,0,0,1
2025-11-05 13:04:00,2025-11-05 13:07:00,01:07,0,0,0,1
2025-11-05 13:07:00,2025-11-05 13:10:00,01:10,0,0,0,1
2025-11-05 14:00:00,2025-11-05 14:01:00,02:01,20,37,0,0
2025-11-05 14:01:00,2025-11-05 14:02:00,02:02,34,37,2,0
2025-11-05 14:02:00,2025-11-05 14:03:00,02:03,29,28,2,0
2025-11-05 14:03:00,2025-11-05 14:04:00,02:04,35,56,0,0
2025-11-05 14:04:00,2025-11-05 14:05:00,02:05,35,44,0,0
2025-11-05 14:05:00,2025-11-05 14:06:00,02:06,33,27,0,0
2025-11-05 14:06:00,2025-11-05 14:07:00,02:07,7,27,0,1
2025-11-05 14:07:00,2025-11-05 14:08:00,02:08,36,57,2,0
2025-11-05 14:08:00,2025-11-05 14:09:00,02:09,45,15,1,0
2025-11-05 14:09:00,2025-11-05 14:10:00,02:10,22,31,1,0
2025-11-05 15:00:00,2025-11-05 15:01:00,03:01,38,37,1,0
2025-11-05 15:01:00,2025-11-05 15:02:00,03:02,16,18,0,1
2025-11-05 15:02:00,2025-11-05 15:03:00,03:03,24,51,0,0
2025-11-05 15:03:00,2025-11-05 15:04:00,03:04,34,35,1,0
2025-11-05 15:04:00,2025-11-05 15:05:00,03:05,24,25,2,0
2025-11-05 15:05:00,2025-11-05 15:06:00,03:06,29,46,2,0
2025-11-05 15:06:00,2025-11-05 15:07:00,03:07,23,28,2,0
2025-11-05 15:07:00,2025-11-05 15:08:00,03:08,35,41,1,0
2025-11-05 15:08:00,2025-11-05 15:09:00,03:09,29,32,1,0
2025-11-05 15:09:00,2025-11-05 15:10:00,03:10,24,20,1,0
2025-11-05 16:00:00,2025-11-05 16:01:00,04:01,40,45,0,0
2025-11-05 16:01:00,2025-11-05 16:02:00,04:02,26,97,1,0
2025-11-05 16:02:00,2025-11-05 16:03:00,04:03,34,46,0,0
2025-11-05 16:03:00,2025-11-05 16:04:00,04:04,27,88,0,0
2025-11-05 16:04:00,2025-11-05 16:05:00,04:05,29,53,3,0
2025-11-05 16:05:00,2025-11-05 16:06:00,04:06,38,30,2,0
2025-11-05 16:06:00,2025-11-05 16:07:00,04:07,23,101,0,0
2025-11-05 16:07:00,2025-11-05 16:08:00,04:08,39,48,1,0
2025-11-05 16:08:00,2025-11-05 16:09:00,04:09,26,29,2,0
2025-11-05 16:09:00,2025-11-05 16:10:00,04:10,26,99,0,0
2025-11-05 17:00:00,2025-11-05 17:01:00,05:01,36,122,0,0
2025-11-05 17:01:00,2025-11-05 17:02:00,05:02,22,47,0,0
2025-11-05 17:02:00,2025-11-05 17:03:00,05:03,24,66,1,0
2025-11-05 17:03:00,2025-11-05 17:04:00,05:04,35,126,1,0
2025-11-05 17:04:00,2025-11-05 17:05:00,05:05,26,49,2,0
2025-11-05 17:05:00,2025-11-05 17:06:00,05:06,23,93,0,0
2025-11-05 17:06:00,2025-11-05 17:07:00,05:07,34,69,1,0
2025-11-05 17:07:00,2025-11-05 21:10:00,05:10,14,35,0,1
2025-11-05 18:02:00,2025-11-05 18:04:00,06:04,0,0,0,1
2025-11-05 18:04:00,2025-11-05 18:05:00,06:05,0,1,0,1
2025-11-05 18:05:00,2025-11-05 18:06:00,06:06,3,7,0,1
2025-11-05 18:05:00,2025-11-05 18:06:00,06:06,13,71,1,0
2025-11-05 18:06:00,2025-11-05 18:07:00,06:07,10,35,0,1
2025-11-05 18:06:00,2025-11-05 18:07:00,06:07,13,43,0,1
2025-11-05 18:07:00,2025-11-05 18:08:00,06:08,21,89,0,0
2025-11-05 18:07:00,2025-11-07 17:08:00,06:08,22,91,0,0
2025-11-05 18:08:00,2025-11-05 18:09:00,06:09,19,35,0,1
2025-11-05 18:09:00,2025-11-05 18:10:00,06:10,19,27,0,1
2025-11-05 19:00:00,2025-11-05 19:01:00,07:01,22,16,0,1
2025-11-05 19:01:00,2025-11-05 19:02:00,07:02,31,79,0,0
2025-11-05 19:02:00,2025-11-05 19:03:00,07:03,39,38,1,0
2025-11-05 19:03:00,2025-11-05 19:04:00,07:04,26,82,0,0
2025-11-05 19:04:00,2025-11-05 19:05:00,07:05,15,44,0,1
2025-11-05 19:05:00,2025-11-05 19:06:00,07:06,34,48,0,0
2025-11-05 19:06:00,2025-11-05 19:07:00,07:07,24,64,0,0
2025-11-05 19:07:00,2025-11-05 19:08:00,07:08,37,48,0,0
2025-11-05 19:08:00,2025-11-05 19:09:00,07:09,11,31,0,1
2025-11-05 19:09:00,2025-11-05 19:10:00,07:10,27,71,0,0
2025-11-05 20:00:00,2025-11-05 20:01:00,08:01,16,33,0,1
2025-11-05 20:01:00,2025-11-05 20:02:00,08:02,14,41,0,1
2025-11-05 20:02:00,2025-11-05 20:03:00,08:03,22,14,2,0
2025-11-05 20:03:00,2025-11-05 20:04:00,08:04,24,59,0,0
2025-11-05 20:04:00,2025-11-05 20:05:00,08:05,15,30,0,1
2025-11-05 20:05:00,2025-11-05 20:06:00,08:06,15,23,0,1
2025-11-05 20:06:00,2025-11-05 20:07:00,08:07,21,66,0,0
2025-11-05 20:07:00,2025-11-05 20:08:00,08:08,19,49,0,0
2025-11-05 20:08:00,2025-11-05 20:09:00,08:09,19,33,2,0
2025-11-05 20:09:00,2025-11-05 20:10:00,08:10,10,62,0,1
2025-11-05 21:00:00,2025-11-05 21:01:00,09:01,29,31,0,0
2025-11-05 21:01:00,2025-11-05 21:02:00,09:02,15,68,0,0
2025-11-05 21:02:00,2025-11-05 21:03:00,09:03,22,39,0,0
2025-11-05 21:03:00,2025-11-05 21:04:00,09:04,23,30,0,0
2025-11-05 21:04:00,2025-11-05 21:05:00,09:05,18,56,0,0
2025-11-05 21:05:00,2025-11-05 21:06:00,09:06,22,39,0,0
2025-11-05 21:06:00,2025-11-05 21:07:00,09:07,20,25,0,1
2025-11-05 21:07:00,2025-11-05 21:08:00,09:08,22,48,0,0
2025-11-05 21:08:00,2025-11-05 21:09:00,09:09,24,56,0,0
2025-11-05 21:09:00,2025-11-05 21:10:00,09:10,29,46,0,0
2025-11-05 21:10:00,2025-11-05 18:02:00,09:56,0,0,0,1
2025-11-05 21:10:00,2025-11-05 22:01:00,09:11,2,14,0,1
2025-11-05 22:00:00,2025-11-05 22:01:00,10:01,13,37,0,1
2025-11-05 22:01:00,2025-11-05 22:02:00,10:02,27,35,0,0
2025-11-05 22:02:00,2025-11-05 22:03:00,10:03,11,30,0,1
2025-11-05 22:03:00,2025-11-05 22:04:00,10:04,12,44,0,1
2025-11-05 22:04:00,2025-11-05 22:05:00,10:05,28,49,0,0
2025-11-05 22:05:00,2025-11-05 22:06:00,10:06,16,21,0,1
2025-11-05 22:06:00,2025-11-05 22:07:00,10:07,14,31,0,1
2025-11-05 22:07:00,2025-11-05 22:08:00,10:08,22,49,0,0
2025-11-05 22:08:00,2025-11-05 22:09:00,10:09,17,30,0,1
2025-11-05 22:09:00,2025-11-05 22:10:00,10:10,12,54,0,1
2025-11-05 23:00:00,2025-11-05 23:01:00,11:01,12,41,0,1
2025-11-05 23:01:00,2025-11-05 23:02:00,11:02,4,54,0,1
2025-11-05 23:02:00,2025-11-05 23:03:00,11:03,4,20,0,1
2025-11-05 23:03:00,2025-11-05 23:04:00,11:04,9,45,0,1
2025-11-05 23:04:00,2025-11-05 23:05:00,11:05,8,33,0,1
2025-11-05 23:05:00,2025-11-05 23:06:00,11:06,5,43,0,1
2025-11-05 23:06:00,2025-11-05 23:07:00,11:07,8,24,0,1
2025-11-05 23:07:00,2025-11-05 23:08:00,11:08,3,24,0,1
2025-11-05 23:08:00,2025-11-05 23:09:00,11:09,11,48,0,1
2025-11-05 23:09:00,2025-11-06 11:10:00,11:10,5,31,0,1
2025-11-06 00:00:00,2025-11-06 00:01:00,12:01,11,18,0,1
2025-11-06 00:01:00,2025-11-06 00:02:00,12:02,11,17,0,1
2025-11-06 00:02:00,2025-11-06 00:03:00,12:03,9,19,0,1
2025-11-06 00:03:00,2025-11-06 00:04:00,12:04,2,14,0,1
2025-11-06 00:04:00,2025-11-06 00:05:00,12:05,5,22,0,1
2025-11-06 00:05:00,2025-11-06 00:06:00,12:06,5,22,0,1
2025-11-06 00:06:00,2025-11-06 00:07:00,12:07,5,23,0,1
2025-11-06 00:07:00,2025-11-06 00:08:00,12:08,7,24,0,1
2025-11-06 00:08:00,2025-11-06 00:09:00,12:09,10,21,0,1
2025-11-06 00:09:00,2025-11-06 00:10:00,12:10,5,15,0,1
2025-11-06 01:00:00,2025-11-06 01:01:00,01:01,7,14,0,1
2025-11-06 01:01:00,2025-11-06 01:02:00,01:02,3,9,0,1
2025-11-06 01:02:00,2025-11-06 01:03:00,01:03,5,15,0,1
2025-11-06 01:03:00,2025-11-06 01:04:00,01:04,6,17,0,1
2025-11-06 01:04:00,2025-11-06 01:05:00,01:05,3,13,0,1
2025-11-06 01:05:00,2025-11-06 01:06:00,01:06,3,11,0,1
2025-11-06 01:06:00,2025-11-06 01:07:00,01:07,2,17,0,1
2025-11-06 01:07:00,2025-11-06 01:08:00,01:08,7,12,0,1
2025-11-06 01:08:00,2025-11-06 01:09:00,01:09,5,15,0,1
2025-11-06 01:09:00,2025-11-06 01:10:00,01:10,6,10,0,1
2025-11-06 02:00:00,2025-11-06 02:01:00,02:01,5,5,0,1
2025-11-06 02:01:00,2025-11-06 02:02:00,02:02,5,12,0,1
2025-11-06 02:02:00,2025-11-06 02:03:00,02:03,3,10,0,1
2025-11-06 02:03:00,2025-11-06 02:04:00,02:04,4,11,0,1
2025-11-06 02:04:00,2025-11-06 02:05:00,02:05,1,10,0,1
2025-11-06 02:05:00,2025-11-06 02:06:00,02:06,1,6,0,1
2025-11-06 02:06:00,2025-11-06 02:07:00,02:07,2,4,0,1
2025-11-06 02:07:00,2025-11-06 02:08:00,02:08,4,6,0,1
2025-11-06 02:08:00,2025-11-06 02:09:00,02:09,3,6,0,1
2025-11-06 02:09:00,2025-11-06 02:10:00,02:10,1,7,0,1
2025-11-06 03:00:00,2025-11-06 03:01:00,03:01,1,5,0,1
2025-11-06 03:01:00,2025-11-06 03:02:00,03:02,1,7,0,1
2025-11-06 03:02:00,2025-11-06 03:03:00,03:03,3,5,0,1
2025-11-06 03:03:00,2025-11-06 03:04:00,03:04,1,8,0,1
2025-11-06 03:04:00,2025-11-06 03:05:00,03:05,2,5,0,1
2025-11-06 03:05:00,2025-11-06 03:06:00,03:06,0,6,0,1
2025-11-06 03:06:00,2025-11-06 03:07:00,03:07,4,5,0,1
2025-11-06 03:07:00,2025-11-06 03:08:00,03:08,4,8,0,1
2025-11-06 03:08:00,2025-11-06 03:09:00,03:09,5,11,1,1
2025-11-06 03:09:00,2025-11-06 03:10:00,03:10,3,2,0,1
2025-11-06 04:00:00,2025-11-06 04:01:00,04:01,0,7,0,1
2025-11-06 04:01:00,2025-11-06 04:02:00,04:02,0,7,0,1
2025-11-06 04:02:00,2025-11-06 04:03:00,04:03,2,12,1,1
2025-11-06 04:03:00,2025-11-06 04:04:00,04:04,2,5,1,1
2025-11-06 04:04:00,2025-11-06 04:05:00,04:05,2,12,0,1
2025-11-06 04:05:00,2025-11-06 04:06:00,04:06,2,3,0,1
2025-11-06 04:06:00,2025-11-06 04:07:00,04:07,1,3,0,1
2025-11-06 04:07:00,2025-11-06 04:08:00,04:08,1,7,0,1
2025-11-06 04:08:00,2025-11-06 04:09:00,04:09,3,11,1,1
2025-11-06 04:09:00,2025-11-06 04:10:00,04:10,0,2,0,1
2025-11-06 05:00:00,2025-11-06 05:01:00,05:01,2,15,1,1
2025-11-06 05:01:00,2025-11-06 05:02:00,05:02,5,16,1,1
2025-11-06 05:02:00,2025-11-06 05:03:00,05:03,2,20,0,1
2025-11-06 05:03:00,2025-11-06 05:04:00,05:04,6,14,0,1
2025-11-06 05:04:00,2025-11-06 05:05:00,05:05,2,10,0,1
2025-11-06 05:05:00,2025-11-06 05:06:00,05:06,3,17,0,1
2025-11-06 05:06:00,2025-11-06 05:07:00,05:07,3,16,0,1
2025-11-06 05:07:00,2025-11-06 05:08:00,05:08,4,16,0,1
2025-11-06 05:08:00,2025-11-06 05:09:00,05:09,2,35,0,1
2025-11-06 05:09:00,2025-11-06 05:10:00,05:10,1,7,0,1
2025-11-06 06:00:00,2025-11-06 06:01:00,06:01,4,39,0,1
2025-11-06 06:01:00,2025-11-06 06:02:00,06:02,1,41,0,1
2025-11-06 06:02:00,2025-11-06 06:03:00,06:03,9,43,2,1
2025-11-06 06:03:00,2025-11-06 06:04:00,06:04,4,45,0,1
2025-11-06 06:04:00,2025-11-06 06:05:00,06:05,7,72,0,1
2025-11-06 06:05:00,2025-11-06 06:06:00,06:06,11,77,0,0
2025-11-06 06:06:00,2025-11-06 06:07:00,06:07,7,41,0,1
2025-11-06 06:07:00,2025-11-06 06:08:00,06:08,16,83,4,0
2025-11-06 06:08:00,2025-11-06 06:09:00,06:09,4,34,0,1
2025-11-06 06:09:00,2025-11-06 06:10:00,06:10,9,74,0,0
2025-11-06 07:00:00,2025-11-06 07:01:00,07:01,8,86,0,0
2025-11-06 07:01:00,2025-11-06 07:02:00,07:02,19,50,0,0
2025-11-06 07:02:00,2025-11-06 07:03:00,07:03,20,73,0,0
2025-11-06 07:03:00,2025-11-06 07:04:00,07:04,16,34,0,1
2025-11-06 07:04:00,2025-11-06 07:05:00,07:05,3,76,0,1
2025-11-06 07:05:00,2025-11-06 07:06:00,07:06,27,94,0,0
2025-11-06 07:06:00,2025-11-06 07:07:00,07:07,9,53,0,1
2025-11-06 07:07:00,2025-11-06 07:08:00,07:08,10,68,0,1
2025-11-06 07:08:00,2025-11-06 07:09:00,07:09,31,87,0,0
2025-11-06 07:09:00,2025-11-06 07:10:00,07:10,12,34,0,1
2025-11-06 08:00:00,2025-11-06 08:01:00,08:01,8,96,0,0
2025-11-06 08:01:00,2025-11-06 08:02:00,08:02,33,84,1,0
2025-11-06 08:02:00,2025-11-06 08:03:00,08:03,18,58,0,0
2025-11-06 08:03:00,2025-11-06 08:04:00,08:04,17,98,0,0
2025-11-06 08:04:00,2025-11-06 08:05:00,08:05,24,101,0,0
2025-11-06 08:05:00,2025-11-06 08:06:00,08:06,13,41,0,1
2025-11-06 08:06:00,2025-11-06 08:07:00,08:07,23,104,0,0
2025-11-06 08:07:00,2025-11-06 08:08:00,08:08,34,106,1,0
2025-11-06 08:08:00,2025-11-06 08:09:00,08:09,23,69,0,0
2025-11-06 08:09:00,2025-11-06 08:10:00,08:10,31,115,0,0
2025-11-06 09:00:00,2025-11-06 09:01:00,09:01,22,44,0,0
2025-11-06 09:01:00,2025-11-06 09:02:00,09:02,13,68,0,0
2025-11-06 09:02:00,2025-11-06 09:03:00,09:03,21,99,0,0
2025-11-06 09:03:00,2025-11-06 09:04:00,09:04,9,35,0,1
2025-11-06 09:04:00,2025-11-06 09:05:00,09:05,7,87,1,0
2025-11-06 09:05:00,2025-11-06 09:06:00,09:06,34,60,1,0
2025-11-06 09:06:00,2025-11-06 09:07:00,09:07,15,30,1,1
2025-11-06 09:07:00,2025-11-06 09:08:00,09:08,23,125,0,0
2025-11-06 09:08:00,2025-11-06 09:09:00,09:09,20,32,2,0
2025-11-06 09:09:00,2025-11-06 09:10:00,09:10,11,35,0,1
2025-11-06 09:10:00,2025-11-06 10:01:00,09:57,0,0,0,1
2025-11-06 10:00:00,2025-11-06 10:01:00,10:01,13,36,0,1
2025-11-06 10:01:00,2025-11-06 10:02:00,10:02,17,79,0,0
2025-11-06 10:02:00,2025-11-06 10:03:00,10:03,33,81,1,0
2025-11-06 10:03:00,2025-11-06 10:04:00,10:04,21,45,1,0
2025-11-06 10:04:00,2025-11-06 10:05:00,10:05,19,83,0,0
2025-11-06 10:05:00,2025-11-06 10:06:00,10:06,42,69,2,0
2025-11-06 10:06:00,2025-11-06 10:07:00,10:07,25,35,2,0
2025-11-06 10:07:00,2025-11-06 10:08:00,10:08,28,87,0,0
2025-11-06 10:08:00,2025-11-06 10:09:00,10:09,35,70,1,0
2025-11-06 10:09:00,2025-11-06 10:10:00,10:10,21,47,0,0
2025-11-06 11:00:00,2025-11-06 11:01:00,11:01,25,44,1,0
2025-11-06 11:01:00,2025-11-06 11:02:00,11:02,30,74,1,0
2025-11-06 11:02:00,2025-11-06 11:03:00,11:03,28,42,2,0
2025-11-06 11:03:00,2025-11-06 11:04:00,11:04,32,95,0,0
2025-11-06 11:04:00,2025-11-06 11:05:00,11:05,40,57,0,0
2025-11-06 11:05:00,2025-11-06 11:06:00,11:06,20,43,3,0
2025-11-06 11:06:00,2025-11-06 11:07:00,11:07,32,87,0,0
2025-11-06 11:07:00,2025-11-06 11:08:00,11:08,32,61,0,0
2025-11-06 11:08:00,2025-11-06 11:09:00,11:09,24,46,0,0
2025-11-06 11:09:00,2025-11-06 23:10:00,11:10,20,89,0,0
2025-11-06 12:00:00,2025-11-06 12:01:00,12:01,30,54,0,0
2025-11-06 12:01:00,2025-11-06 12:02:00,12:02,23,92,0,0
2025-11-06 12:02:00,2025-11-06 12:03:00,12:03,38,64,0,0
2025-11-06 12:03:00,2025-11-06 12:04:00,12:04,32,35,2,0
2025-11-06 12:04:00,2025-11-06 12:05:00,12:05,38,81,1,0
2025-11-06 12:05:00,2025-11-06 12:06:00,12:06,41,69,0,0
2025-11-06 12:06:00,2025-11-06 12:07:00,12:07,22,28,2,0
2025-11-06 12:07:00,2025-11-06 12:08:00,12:08,19,104,0,0
2025-11-06 12:08:00,2025-11-06 12:09:00,12:09,39,50,2,0
2025-11-06 12:09:00,2025-11-06 12:10:00,12:10,30,56,0,0
2025-11-06 13:00:00,2025-11-06 13:01:00,01:01,28,56,2,0
2025-11-06 13:01:00,2025-11-06 13:02:00,01:02,30,44,0,0
2025-11-06 13:02:00,2025-11-06 13:03:00,01:03,19,63,1,0
2025-11-06 13:03:00,2025-11-06 13:04:00,01:04,30,53,6,2
2025-11-06 13:04:00,2025-11-06 13:05:00,01:05,33,65,1,0
2025-11-06 13:05:00,2025-11-06 13:06:00,01:06,33,70,1,0
2025-11-06 13:06:00,2025-11-06 13:07:00,01:07,26,36,1,0
2025-11-06 13:07:00,2025-11-06 13:08:00,01:08,37,40,1,0
2025-11-06 13:08:00,2025-11-06 13:09:00,01:09,40,81,2,0
2025-11-06 13:09:00,2025-11-06 13:10:00,01:10,34,54,2,0
2025-11-06 14:00:00,2025-11-06 14:01:00,02:01,26,41,0,0
2025-11-06 14:01:00,2025-11-06 14:02:00,02:02,37,113,1,0
2025-11-06 14:02:00,2025-11-06 14:03:00,02:03,47,59,2,0
2025-11-06 14:03:00,2025-11-06 14:04:00,02:04,21,55,0,0
2025-11-06 14:04:00,2025-11-06 14:05:00,02:05,25,89,0,0
2025-11-06 14:05:00,2025-11-06 14:06:00,02:06,37,58,3,0
2025-11-06 14:06:00,2025-11-06 14:07:00,02:07,37,72,1,0
2025-11-06 14:07:00,2025-11-06 14:08:00,02:08,33,88,1,0
2025-11-06 14:08:00,2025-11-06 14:09:00,02:09,50,42,1,0
2025-11-06 14:09:00,2025-11-06 14:10:00,02:10,17,76,0,0
2025-11-06 15:00:00,2025-11-06 15:01:00,03:01,33,81,2,0
2025-11-06 15:01:00,2025-11-06 15:02:00,03:02,30,43,1,0
2025-11-06 15:02:00,2025-11-06 15:03:00,03:03,45,114,0,0
2025-11-06 15:03:00,2025-11-06 15:04:00,03:04,24,57,2,0
2025-11-06 15:04:00,2025-11-06 15:05:00,03:05,29,67,1,0
2025-11-06 15:05:00,2025-11-06 15:06:00,03:06,27,60,1,0
2025-11-06 15:06:00,2025-11-06 15:07:00,03:07,44,75,0,0
2025-11-06 15:07:00,2025-11-06 15:08:00,03:08,30,75,3,0
2025-11-06 15:08:00,2025-11-06 15:09:00,03:09,39,125,0,0
2025-11-06 15:09:00,2025-11-06 15:10:00,03:10,25,51,0,0
2025-11-06 16:00:00,2025-11-06 16:01:00,04:01,40,100,1,0
2025-11-06 16:01:00,2025-11-06 16:02:00,04:02,21,45,0,0
2025-11-06 16:02:00,2025-11-06 16:03:00,04:03,14,84,0,0
2025-11-06 16:03:00,2025-11-06 16:04:00,04:04,34,80,0,0
2025-11-06 16:04:00,2025-11-06 16:05:00,04:05,43,100,1,0
2025-11-06 16:05:00,2025-11-06 16:06:00,04:06,36,50,0,0
2025-11-06 16:06:00,2025-11-06 16:07:00,04:07,21,116,0,0
2025-11-06 16:07:00,2025-11-06 16:08:00,04:08,33,117,0,0
2025-11-06 16:08:00,2025-11-06 16:09:00,04:09,37,101,0,0
2025-11-06 16:09:00,2025-11-06 16:10:00,04:10,7,89,0,0
2025-11-06 17:00:00,2025-11-06 17:01:00,05:01,19,107,1,0
2025-11-06 17:01:00,2025-11-06 17:02:00,05:02,28,117,0,0
2025-11-06 17:02:00,2025-11-06 17:03:00,05:03,36,80,1,0
2025-11-06 17:03:00,2025-11-06 17:04:00,05:04,24,132,0,0
2025-11-06 17:04:00,2025-11-06 17:05:00,05:05,40,163,0,0
2025-11-06 17:05:00,2025-11-06 17:06:00,05:06,45,109,2,0
2025-11-06 17:06:00,2025-11-06 17:07:00,05:07,26,137,1,0
2025-11-06 17:07:00,2025-11-06 17:08:00,05:08,42,122,1,0
2025-11-06 17:08:00,2025-11-06 17:09:00,05:09,37,159,0,0
2025-11-06 17:09:00,2025-11-06 17:10:00,05:10,33,132,0,0
2025-11-06 18:00:00,2025-11-06 18:01:00,06:01,27,54,0,0
2025-11-06 18:01:00,2025-11-06 18:02:00,06:02,30,138,1,0
2025-11-06 18:02:00,2025-11-06 18:03:00,06:03,34,79,0,0
2025-11-06 18:03:00,2025-11-06 18:04:00,06:04,30,49,0,0
2025-11-06 18:04:00,2025-11-06 18:05:00,06:05,24,135,0,0
2025-11-06 18:05:00,2025-11-06 18:06:00,06:06,35,115,1,0
2025-11-06 18:06:00,2025-11-06 18:07:00,06:07,25,55,0,0
2025-11-06 18:07:00,2025-11-06 18:08:00,06:08,18,102,0,0
2025-11-06 18:08:00,2025-11-06 18:09:00,06:09,27,68,2,0
2025-11-06 18:09:00,2025-11-06 19:10:00,06:10,30,47,0,0
2025-11-06 20:00:00,2025-11-06 20:01:00,08:01,12,33,0,1
2025-11-06 20:01:00,2025-11-06 20:02:00,08:02,24,71,0,0
2025-11-06 20:02:00,2025-11-06 20:03:00,08:03,22,48,0,0
2025-11-06 20:03:00,2025-11-06 20:04:00,08:04,19,22,0,1
2025-11-06 20:04:00,2025-11-06 20:05:00,08:05,19,103,0,0
2025-11-06 20:05:00,2025-11-06 20:06:00,08:06,21,67,0,0
2025-11-06 20:06:00,2025-11-06 20:07:00,08:07,34,72,0,0
2025-11-06 20:07:00,2025-11-06 20:08:00,08:08,15,63,0,0
2025-11-06 20:08:00,2025-11-06 20:09:00,08:09,24,68,0,0
2025-11-06 20:09:00,2025-11-06 20:10:00,08:10,19,32,0,1
2025-11-06 20:10:00,2025-11-06 21:02:00,08:11,12,30,0,1
2025-11-06 21:02:00,2025-11-06 21:03:00,09:03,10,50,1,1
2025-11-06 21:03:00,2025-11-06 21:04:00,09:04,22,52,1,0
2025-11-06 21:04:00,2025-11-06 21:05:00,09:05,26,41,2,0
2025-11-06 21:05:00,2025-11-06 21:06:00,09:06,7,60,0,1
2025-11-06 21:06:00,2025-11-06 21:07:00,09:07,19,48,0,0
2025-11-06 21:07:00,2025-11-06 21:08:00,09:08,19,40,0,0
2025-11-06 21:08:00,2025-11-06 21:09:00,09:09,10,44,0,1
2025-11-06 21:09:00,2025-11-06 21:10:00,09:10,27,89,0,0
2025-11-06 21:10:00,2025-11-06 22:01:00,09:57,0,0,0,1
2025-11-06 22:00:00,2025-11-06 22:01:00,10:01,11,29,0,1
2025-11-06 22:01:00,2025-11-06 22:02:00,10:02,18,51,0,0
2025-11-06 22:02:00,2025-11-06 22:03:00,10:03,25,44,0,0
2025-11-06 22:03:00,2025-11-06 22:04:00,10:04,15,27,0,1
2025-11-06 22:04:00,2025-11-06 22:05:00,10:05,19,47,0,0
2025-11-06 22:05:00,2025-11-06 22:06:00,10:06,30,36,0,0
2025-11-06 22:06:00,2025-11-06 22:07:00,10:07,11,32,0,1
2025-11-06 22:07:00,2025-11-06 22:08:00,10:08,27,67,1,0
2025-11-06 22:08:00,2025-11-06 22:09:00,10:09,20,24,0,1
2025-11-06 22:09:00,2025-11-07 11:10:00,10:10,15,41,1,0
2025-11-07 00:00:00,2025-11-07 00:01:00,12:01,0,4,0,1
2025-11-07 00:01:00,2025-11-07 00:02:00,12:02,3,4,0,1
2025-11-07 00:02:00,2025-11-07 00:03:00,12:03,1,7,0,1
2025-11-07 00:03:00,2025-11-07 00:04:00,12:04,1,19,0,1
2025-11-07 00:04:00,2025-11-07 00:05:00,12:05,4,12,0,1
2025-11-07 00:05:00,2025-11-07 00:06:00,12:06,1,7,0,1
2025-11-07 00:06:00,2025-11-07 00:07:00,12:07,0,10,0,1
2025-11-07 00:07:00,2025-11-07 00:08:00,12:08,0,7,0,1
2025-11-07 00:08:00,2025-11-07 00:09:00,12:09,1,15,0,1
2025-11-07 01:00:00,2025-11-07 01:01:00,01:01,0,3,0,1
2025-11-07 01:00:00,2025-11-07 01:01:00,01:01,0,3,0,1
2025-11-07 01:01:00,2025-11-07 01:02:00,01:02,3,9,1,1
2025-11-07 01:01:00,2025-11-07 01:02:00,01:02,3,9,1,1
2025-11-07 01:02:00,2025-11-07 01:03:00,01:03,0,7,0,1
2025-11-07 01:02:00,2025-11-07 01:03:00,01:03,0,7,0,1
2025-11-07 01:03:00,2025-11-07 01:04:00,01:04,0,7,0,1
2025-11-07 01:03:00,2025-11-07 01:04:00,01:04,0,7,0,1
2025-11-07 01:04:00,2025-11-07 01:05:00,01:05,1,10,0,1
2025-11-07 01:04:00,2025-11-07 01:05:00,01:05,1,10,0,1
2025-11-07 01:05:00,2025-11-07 01:06:00,01:06,1,10,0,1
2025-11-07 01:06:00,2025-11-07 01:07:00,01:07,1,16,0,1
2025-11-07 01:06:00,2025-11-07 01:07:00,01:07,1,4,0,1
2025-11-07 01:07:00,2025-11-07 01:08:00,01:08,0,7,0,1
2025-11-07 01:07:00,2025-11-07 01:08:00,01:08,0,7,0,1
2025-11-07 01:08:00,2025-11-07 01:09:00,01:09,0,4,0,1
2025-11-07 01:08:00,2025-11-07 01:09:00,01:09,0,4,0,1
2025-11-07 01:09:00,2025-11-07 01:10:00,01:10,0,7,0,1
2025-11-07 01:09:00,2025-11-07 01:10:00,01:10,0,7,0,1
2025-11-07 02:00:00,2025-11-07 06:01:00,02:01,0,2,0,1
2025-11-07 02:00:00,2025-11-07 06:01:00,02:01,0,2,0,1
2025-11-07 06:01:00,2025-11-07 07:00:00,06:57,0,2,0,1
2025-11-07 06:01:00,2025-11-07 07:00:00,06:57,0,2,0,1
2025-11-07 07:00:00,2025-11-07 07:01:00,07:01,10,67,9,2
2025-11-07 07:00:00,2025-11-07 07:01:00,07:01,10,67,9,2
2025-11-07 07:01:00,2025-11-07 07:02:00,07:02,12,36,11,2
2025-11-07 07:01:00,2025-11-07 07:02:00,07:02,12,36,11,2
2025-11-07 07:02:00,2025-11-07 07:03:00,07:03,24,111,5,2
2025-11-07 07:02:00,2025-11-07 07:03:00,07:03,24,111,5,2
2025-11-07 07:03:00,2025-11-07 07:04:00,07:04,12,38,4,0
2025-11-07 07:03:00,2025-11-07 07:04:00,07:04,12,38,4,0
2025-11-07 07:04:00,2025-11-07 07:05:00,07:05,6,87,1,0
2025-11-07 07:04:00,2025-11-07 07:05:00,07:05,6,87,1,0
2025-11-07 07:05:00,2025-11-07 07:06:00,07:06,16,58,9,2
2025-11-07 07:05:00,2025-11-07 07:06:00,07:06,16,58,9,2
2025-11-07 07:06:00,2025-11-07 07:07:00,07:07,12,36,7,2
2025-11-07 07:06:00,2025-11-07 07:07:00,07:07,12,36,7,2
2025-11-07 07:07:00,2025-11-07 07:08:00,07:08,16,126,0,0
2025-11-07 07:07:00,2025-11-07 07:08:00,07:08,16,126,0,0
2025-11-07 07:08:00,2025-11-07 07:09:00,07:09,34,90,2,0
2025-11-07 07:08:00,2025-11-07 07:09:00,07:09,34,90,2,0
2025-11-07 07:09:00,2025-11-07 19:10:00,07:10,9,23,1,1
2025-11-07 07:09:00,2025-11-07 19:10:00,07:10,9,23,1,1
2025-11-07 17:03:00,2025-11-07 17:04:00,05:04,9,62,0,1
2025-11-07 17:04:00,2025-11-07 17:05:00,05:05,23,158,1,0
2025-11-07 17:05:00,2025-11-07 17:06:00,05:06,29,81,1,0
2025-11-07 17:06:00,2025-11-07 17:07:00,05:07,32,109,0,0
2025-11-07 17:07:00,2025-11-07 17:08:00,05:08,23,130,0,0
2025-11-07 17:08:00,2025-11-07 17:03:00,05:03,21,41,0,0
2025-11-07 17:08:00,2025-11-07 17:09:00,05:09,21,130,0,0
2025-11-07 17:09:00,2025-11-07 21:10:00,05:10,34,125,0,0
2025-11-07 18:00:00,2025-11-07 18:01:00,06:01,45,52,2,0
2025-11-07 18:01:00,2025-11-07 18:02:00,06:02,19,138,0,0
2025-11-07 18:02:00,2025-11-07 18:03:00,06:03,29,57,0,0
2025-11-07 18:03:00,2025-11-07 18:04:00,06:04,38,78,0,0
2025-11-07 18:04:00,2025-11-07 18:05:00,06:05,16,109,0,0
2025-11-07 18:05:00,2025-11-07 18:06:00,06:06,32,100,0,0
2025-11-07 18:06:00,2025-11-07 18:07:00,06:07,33,66,0,0
2025-11-07 18:07:00,2025-11-07 18:08:00,06:08,34,129,0,0
2025-11-07 18:08:00,2025-11-07 18:09:00,06:09,25,86,0,0
2025-11-07 18:09:00,2025-11-07 18:10:00,06:10,32,88,0,0
2025-11-07 19:00:00,2025-11-07 19:01:00,07:01,29,95,0,0
2025-11-07 19:01:00,2025-11-07 19:02:00,07:02,26,86,0,0
2025-11-07 19:02:00,2025-11-07 19:03:00,07:03,31,62,1,0
2025-11-07 19:03:00,2025-11-07 19:04:00,07:04,11,78,0,0
2025-11-07 19:04:00,2025-11-07 19:05:00,07:05,29,82,0,0
2025-11-07 19:05:00,2025-11-07 19:06:00,07:06,28,60,0,0
2025-11-07 19:06:00,2025-11-07 19:07:00,07:07,32,67,0,0
2025-11-07 19:07:00,2025-11-07 19:08:00,07:08,33,112,0,0
2025-11-07 19:08:00,2025-11-07 19:09:00,07:09,38,75,0,0
2025-11-07 19:09:00,2025-11-07 19:10:00,07:10,21,54,0,0
2025-11-07 20:00:00,2025-11-07 20:01:00,08:01,28,65,0,0
2025-11-07 20:00:00,2025-11-07 20:01:00,08:01,27,64,0,0
2025-11-07 20:00:00,2025-11-07 20:01:00,08:01,27,64,0,0
2025-11-07 20:01:00,2025-11-07 20:02:00,08:02,24,58,0,0
2025-11-07 20:01:00,2025-11-07 20:02:00,08:02,24,58,0,0
2025-11-07 20:01:00,2025-11-07 20:02:00,08:02,24,56,0,0
2025-11-07 20:02:00,2025-11-07 20:03:00,08:03,25,71,1,0
2025-11-07 20:02:00,2025-11-07 20:03:00,08:03,25,71,1,0
2025-11-07 20:02:00,2025-11-07 20:03:00,08:03,29,81,1,0
2025-11-07 20:03:00,2025-11-07 20:04:00,08:04,19,40,1,0
2025-11-07 20:03:00,2025-11-07 20:04:00,08:04,17,40,1,0
2025-11-07 20:03:00,2025-11-07 20:04:00,08:04,17,40,1,0
2025-11-07 20:04:00,2025-11-07 20:05:00,08:05,33,110,1,0
2025-11-07 20:04:00,2025-11-07 20:05:00,08:05,33,110,1,0
2025-11-07 20:04:00,2025-11-07 20:05:00,08:05,33,111,1,0
2025-11-07 20:05:00,2025-11-07 20:06:00,08:06,16,44,1,0
2025-11-07 20:05:00,2025-11-07 20:06:00,08:06,24,66,1,0
2025-11-07 20:05:00,2025-11-07 20:06:00,08:06,16,44,1,0
2025-11-07 20:06:00,2025-11-07 20:07:00,08:07,23,58,0,0
2025-11-07 20:06:00,2025-11-07 20:07:00,08:07,23,56,0,0
2025-11-07 20:06:00,2025-11-07 20:07:00,08:07,23,56,0,0
2025-11-07 20:07:00,2025-11-07 20:08:00,08:08,19,113,1,0
2025-11-07 20:07:00,2025-11-07 20:08:00,08:08,16,96,1,0
2025-11-07 20:07:00,2025-11-07 20:08:00,08:08,19,113,1,0
2025-11-07 20:08:00,2025-11-07 20:09:00,08:09,26,58,0,0
2025-11-07 21:00:00,2025-11-07 21:01:00,09:01,25,50,1,0
2025-11-07 21:00:00,2025-11-07 21:01:00,09:01,25,50,1,0
2025-11-07 21:01:00,2025-11-07 21:02:00,09:02,19,49,0,0
2025-11-07 21:01:00,2025-11-07 21:02:00,09:02,19,49,0,0
2025-11-07 21:02:00,2025-11-07 21:03:00,09:03,19,93,0,0
2025-11-07 21:02:00,2025-11-07 21:03:00,09:03,19,93,0,0
2025-11-07 21:03:00,2025-11-07 21:04:00,09:04,20,70,1,0
2025-11-07 21:03:00,2025-11-07 21:04:00,09:04,20,70,1,0
2025-11-07 21:04:00,2025-11-07 21:05:00,09:05,22,79,0,0
2025-11-07 21:04:00,2025-11-07 21:05:00,09:05,22,79,0,0
2025-11-07 21:05:00,2025-11-07 21:06:00,09:06,24,96,0,0
2025-11-07 21:05:00,2025-11-07 21:06:00,09:06,24,96,0,0
2025-11-07 21:06:00,2025-11-07 21:07:00,09:07,22,65,1,0
2025-11-07 21:06:00,2025-11-07 21:07:00,09:07,22,65,1,0
2025-11-07 21:07:00,2025-11-07 21:08:00,09:08,16,41,0,1
2025-11-07 21:07:00,2025-11-07 21:08:00,09:08,16,41,0,1
2025-11-07 21:08:00,2025-11-07 21:09:00,09:09,7,81,0,0
2025-11-07 21:08:00,2025-11-07 21:09:00,09:09,7,81,0,0
2025-11-07 21:09:00,2025-11-07 21:10:00,09:10,25,74,0,0
2025-11-07 21:09:00,2025-11-07 21:10:00,09:10,25,74,0,0
2025-11-07 21:10:00,2025-11-07 22:01:00,09:57,0,0,0,1
2025-11-07 21:10:00,2025-11-07 22:01:00,09:57,0,0,0,1
2025-11-07 22:00:00,2025-11-07 22:01:00,10:01,20,72,0,0
2025-11-07 22:00:00,2025-11-07 22:01:00,10:01,20,72,0,0
2025-11-07 22:01:00,2025-11-07 22:02:00,10:02,17,51,0,0
2025-11-07 22:01:00,2025-11-07 22:02:00,10:02,17,51,0,0
2025-11-07 22:02:00,2025-11-07 22:03:00,10:03,22,70,0,0
2025-11-07 22:02:00,2025-11-07 22:03:00,10:03,22,70,0,0
2025-11-07 22:03:00,2025-11-07 22:04:00,10:04,16,53,0,0
2025-11-07 22:03:00,2025-11-07 22:04:00,10:04,16,53,0,0
2025-11-07 22:04:00,2025-11-07 22:05:00,10:05,27,76,0,0
2025-11-07 22:04:00,2025-11-07 22:05:00,10:05,27,76,0,0
2025-11-07 22:05:00,2025-11-07 22:06:00,10:06,23,41,0,0
2025-11-07 22:05:00,2025-11-07 22:06:00,10:06,23,41,0,0
2025-11-07 22:06:00,2025-11-07 22:07:00,10:07,20,77,0,0
2025-11-07 22:06:00,2025-11-07 22:07:00,10:07,20,77,0,0
2025-11-07 22:07:00,2025-11-07 22:08:00,10:08,28,74,0,0
2025-11-07 22:07:00,2025-11-07 22:08:00,10:08,28,74,0,0
2025-11-07 22:08:00,2025-11-07 22:09:00,10:09,41,80,0,0
2025-11-07 22:08:00,2025-11-07 22:09:00,10:09,41,80,0,0
2025-11-07 22:09:00,2025-11-07 22:10:00,10:10,23,72,0,0
2025-11-07 22:09:00,2025-11-07 22:10:00,10:10,23,72,0,0
2025-11-07 23:00:00,2025-11-07 23:01:00,11:01,14,43,0,1
2025-11-07 23:00:00,2025-11-07 23:01:00,11:01,14,43,0,1
2025-11-07 23:01:00,2025-11-07 23:02:00,11:02,11,77,0,0
2025-11-07 23:01:00,2025-11-07 23:02:00,11:02,11,77,0,0
2025-11-07 23:02:00,2025-11-07 23:03:00,11:03,22,54,0,0
2025-11-07 23:02:00,2025-11-07 23:03:00,11:03,22,54,0,0
2025-11-07 23:03:00,2025-11-07 23:04:00,11:04,7,37,0,1
2025-11-07 23:03:00,2025-11-07 23:04:00,11:04,7,37,0,1
2025-11-07 23:04:00,2025-11-07 23:05:00,11:05,16,58,0,0
2025-11-07 23:04:00,2025-11-07 23:05:00,11:05,16,58,0,0
2025-11-07 23:05:00,2025-11-07 23:06:00,11:06,16,53,0,0
2025-11-07 23:05:00,2025-11-07 23:06:00,11:06,16,53,0,0
2025-11-07 23:06:00,2025-11-07 23:07:00,11:07,10,19,0,1
2025-11-07 23:06:00,2025-11-07 23:07:00,11:07,10,19,0,1
2025-11-07 23:07:00,2025-11-07 23:08:00,11:08,13,84,0,0
2025-11-07 23:07:00,2025-11-07 23:08:00,11:08,13,84,0,0
2025-11-07 23:08:00,2025-11-07 23:09:00,11:09,14,50,0,1
2025-11-07 23:08:00,2025-11-07 23:09:00,11:09,14,50,0,1
2025-11-07 23:09:00,2025-11-08 11:10:00,11:10,13,60,0,0
2025-11-07 23:09:00,2025-11-08 11:10:00,11:10,13,60,0,0
2025-11-08 00:00:00,2025-11-08 00:01:00,12:01,5,39,0,1
2025-11-08 00:00:00,2025-11-08 00:01:00,12:01,5,39,0,1
2025-11-08 00:01:00,2025-11-08 00:02:00,12:02,7,28,0,1
2025-11-08 00:01:00,2025-11-08 00:02:00,12:02,7,28,0,1
2025-11-08 00:02:00,2025-11-08 00:03:00,12:03,12,43,0,1
2025-11-08 00:02:00,2025-11-08 00:03:00,12:03,12,43,0,1
2025-11-08 00:03:00,2025-11-08 00:04:00,12:04,9,44,0,1
2025-11-08 00:03:00,2025-11-08 00:04:00,12:04,9,44,0,1
2025-11-08 00:04:00,2025-11-08 00:05:00,12:05,8,32,0,1
2025-11-08 00:04:00,2025-11-08 00:05:00,12:05,8,32,0,1
2025-11-08 00:05:00,2025-11-08 00:06:00,12:06,10,29,0,1
2025-11-08 00:05:00,2025-11-08 00:06:00,12:06,10,29,0,1
2025-11-08 00:06:00,2025-11-08 00:07:00,12:07,10,29,0,1
2025-11-08 00:06:00,2025-11-08 00:07:00,12:07,10,29,0,1
2025-11-08 00:07:00,2025-11-08 00:08:00,12:08,12,40,0,1
2025-11-08 00:07:00,2025-11-08 00:08:00,12:08,12,40,0,1
2025-11-08 00:08:00,2025-11-08 00:09:00,12:09,1,44,0,1
2025-11-08 00:08:00,2025-11-08 00:09:00,12:09,1,44,0,1
2025-11-08 00:09:00,2025-11-08 00:10:00,12:10,6,39,0,1
2025-11-08 00:09:00,2025-11-08 00:10:00,12:10,6,39,0,1
2025-11-08 01:00:00,2025-11-08 01:01:00,01:01,5,16,0,1
2025-11-08 01:00:00,2025-11-08 01:01:00,01:01,5,16,0,1
2025-11-08 01:01:00,2025-11-08 01:02:00,01:02,1,46,0,1
2025-11-08 01:01:00,2025-11-08 01:02:00,01:02,1,46,0,1
2025-11-08 01:02:00,2025-11-08 01:03:00,01:03,9,30,0,1
2025-11-08 01:02:00,2025-11-08 01:03:00,01:03,9,30,0,1
2025-11-08 01:03:00,2025-11-08 01:04:00,01:04,4,31,0,1
2025-11-08 01:03:00,2025-11-08 01:04:00,01:04,4,31,0,1
2025-11-08 01:04:00,2025-11-08 01:05:00,01:05,2,22,0,1
2025-11-08 01:04:00,2025-11-08 01:05:00,01:05,2,22,0,1
2025-11-08 01:05:00,2025-11-08 01:06:00,01:06,7,23,0,1
2025-11-08 01:05:00,2025-11-08 01:06:00,01:06,7,23,0,1
2025-11-08 01:06:00,2025-11-08 01:07:00,01:07,3,24,0,1
2025-11-08 01:06:00,2025-11-08 01:07:00,01:07,3,24,0,1
2025-11-08 01:07:00,2025-11-08 01:08:00,01:08,7,28,0,1
2025-11-08 01:07:00,2025-11-08 01:08:00,01:08,7,28,0,1
2025-11-08 01:08:00,2025-11-08 01:09:00,01:09,11,38,0,1
2025-11-08 01:08:00,2025-11-08 01:09:00,01:09,11,38,0,1
2025-11-08 01:09:00,2025-11-08 01:10:00,01:10,4,10,0,1
2025-11-08 01:09:00,2025-11-08 10:10:00,01:10,4,10,0,1
2025-11-08 02:00:00,2025-11-08 02:01:00,02:01,4,26,0,1
2025-11-08 02:01:00,2025-11-08 02:02:00,02:02,2,21,0,1
2025-11-08 02:02:00,2025-11-08 02:03:00,02:03,3,20,0,1
2025-11-08 02:03:00,2025-11-08 02:04:00,02:04,3,19,0,1
2025-11-08 02:04:00,2025-11-08 02:05:00,02:05,5,32,0,1
2025-11-08 02:05:00,2025-11-08 02:06:00,02:06,2,29,0,1
2025-11-08 02:06:00,2025-11-08 02:07:00,02:07,2,22,0,1
2025-11-08 02:07:00,2025-11-08 02:08:00,02:08,4,29,0,1
2025-11-08 02:08:00,2025-11-08 02:09:00,02:09,5,20,0,1
2025-11-08 02:09:00,2025-11-08 02:10:00,02:10,5,29,0,1
2025-11-08 03:00:00,2025-11-08 03:01:00,03:01,2,19,0,1
2025-11-08 03:01:00,2025-11-08 03:02:00,03:02,2,16,0,1
2025-11-08 03:02:00,2025-11-08 03:03:00,03:03,2,22,0,1
2025-11-08 03:03:00,2025-11-08 03:04:00,03:04,3,19,0,1
2025-11-08 03:04:00,2025-11-08 03:05:00,03:05,1,13,0,1
2025-11-08 03:05:00,2025-11-08 03:06:00,03:06,0,21,0,1
2025-11-08 03:06:00,2025-11-08 03:07:00,03:07,2,22,0,1
2025-11-08 03:07:00,2025-11-08 03:08:00,03:08,2,20,0,1
2025-11-08 03:08:00,2025-11-08 03:09:00,03:09,6,18,0,1
2025-11-08 03:09:00,2025-11-08 03:10:00,03:10,2,12,0,1
2025-11-08 04:00:00,2025-11-08 04:01:00,04:01,1,9,0,1
2025-11-08 04:01:00,2025-11-08 04:02:00,04:02,2,10,0,1
2025-11-08 04:02:00,2025-11-08 04:03:00,04:03,1,16,0,1
2025-11-08 04:03:00,2025-11-08 04:04:00,04:04,2,13,0,1
2025-11-08 04:04:00,2025-11-08 04:05:00,04:05,2,8,0,1
2025-11-08 04:05:00,2025-11-08 04:06:00,04:06,1,11,0,1
2025-11-08 04:06:00,2025-11-08 04:07:00,04:07,4,9,0,1
2025-11-08 04:07:00,2025-11-08 04:08:00,04:08,5,19,0,1
2025-11-08 04:08:00,2025-11-08 04:09:00,04:09,6,8,0,1
2025-11-08 04:09:00,2025-11-08 04:10:00,04:10,3,7,0,1
2025-11-08 05:00:00,2025-11-08 05:01:00,05:01,4,18,0,1
2025-11-08 05:01:00,2025-11-08 05:02:00,05:02,9,25,0,1
2025-11-08 05:02:00,2025-11-08 05:03:00,05:03,2,15,0,1
2025-11-08 05:03:00,2025-11-08 05:04:00,05:04,11,25,0,1
2025-11-08 05:04:00,2025-11-08 05:05:00,05:05,6,27,0,1
2025-11-08 05:05:00,2025-11-08 05:06:00,05:06,1,27,0,1
2025-11-08 05:06:00,2025-11-08 05:07:00,05:07,6,30,0,1
2025-11-08 05:07:00,2025-11-08 05:08:00,05:08,5,20,0,1
2025-11-08 05:08:00,2025-11-08 05:09:00,05:09,7,27,0,1
2025-11-08 05:09:00,2025-11-08 05:10:00,05:10,4,20,0,1
2025-11-08 06:00:00,2025-11-08 06:01:00,06:01,6,64,0,1
2025-11-08 06:01:00,2025-11-08 06:02:00,06:02,3,39,0,1
2025-11-08 06:02:00,2025-11-08 06:03:00,06:03,7,100,0,0
2025-11-08 06:03:00,2025-11-08 06:04:00,06:04,6,79,0,1
2025-11-08 06:04:00,2025-11-08 06:05:00,06:05,10,53,1,1
2025-11-08 06:05:00,2025-11-08 06:06:00,06:06,4,66,0,1
2025-11-08 06:06:00,2025-11-08 06:07:00,06:07,4,41,1,1
2025-11-08 06:07:00,2025-11-08 06:08:00,06:08,5,94,0,0
2025-11-08 06:08:00,2025-11-08 06:09:00,06:09,7,51,0,1
2025-11-08 06:09:00,2025-11-08 06:10:00,06:10,11,35,0,1
2025-11-08 07:00:00,2025-11-08 07:01:00,07:01,8,52,0,1
2025-11-08 07:01:00,2025-11-08 07:02:00,07:02,16,35,0,1
2025-11-08 07:02:00,2025-11-08 07:03:00,07:03,10,83,0,0
2025-11-08 07:03:00,2025-11-08 07:04:00,07:04,3,20,0,1
2025-11-08 07:04:00,2025-11-08 07:05:00,07:05,6,87,0,0
2025-11-08 07:05:00,2025-11-08 07:06:00,07:06,10,58,1,0
2025-11-08 07:06:00,2025-11-08 07:07:00,07:07,3,23,4,1
2025-11-08 07:07:00,2025-11-08 07:08:00,07:08,12,94,3,0
2025-11-08 07:08:00,2025-11-08 07:09:00,07:09,11,55,10,2
2025-11-08 07:09:00,2025-11-08 07:10:00,07:10,7,28,7,2
2025-11-08 08:00:00,2025-11-08 08:01:00,08:01,5,81,0,1
2025-11-08 08:01:00,2025-11-08 08:02:00,08:02,23,103,0,0
2025-11-08 08:02:00,2025-11-08 08:03:00,08:03,12,50,1,1
2025-11-08 08:03:00,2025-11-08 08:04:00,08:04,12,77,0,0
2025-11-08 08:04:00,2025-11-08 08:05:00,08:05,28,127,1,0
2025-11-08 08:05:00,2025-11-08 08:06:00,08:06,9,33,0,1
2025-11-08 08:06:00,2025-11-08 08:07:00,08:07,16,112,0,0
2025-11-08 08:07:00,2025-11-08 08:08:00,08:08,19,69,0,0
2025-11-08 08:08:00,2025-11-08 08:09:00,08:09,5,63,0,1
2025-11-08 08:09:00,2025-11-08 08:10:00,08:10,15,84,1,0
2025-11-08 09:00:00,2025-11-08 09:01:00,09:01,30,72,1,0
2025-11-08 09:01:00,2025-11-08 09:02:00,09:02,33,47,0,0
2025-11-08 09:02:00,2025-11-08 09:03:00,09:03,41,80,1,0
2025-11-08 09:03:00,2025-11-08 09:04:00,09:04,14,68,0,0
2025-11-08 09:04:00,2025-11-08 09:05:00,09:05,12,23,1,1
2025-11-08 09:05:00,2025-11-08 09:06:00,09:06,7,57,0,1
2025-11-08 09:06:00,2025-11-08 09:07:00,09:07,26,79,0,0
2025-11-08 09:07:00,2025-11-08 09:08:00,09:08,16,38,0,1
2025-11-08 09:08:00,2025-11-08 09:09:00,09:09,8,46,0,1
2025-11-08 09:09:00,2025-11-08 09:10:00,09:10,25,85,1,0
2025-11-08 09:10:00,2025-11-08 10:01:00,09:57,0,0,0,1
2025-11-08 10:00:00,2025-11-08 10:01:00,10:01,29,56,3,0
2025-11-08 10:01:00,2025-11-08 10:02:00,10:02,17,67,0,0
2025-11-08 10:02:00,2025-11-08 10:03:00,10:03,34,102,0,0
2025-11-08 10:03:00,2025-11-08 10:04:00,10:04,16,35,1,1
2025-11-08 10:04:00,2025-11-08 10:05:00,10:05,14,70,1,0
2025-11-08 10:05:00,2025-11-08 10:06:00,10:06,36,59,1,0
2025-11-08 10:06:00,2025-11-08 10:07:00,10:07,26,50,0,0
2025-11-08 10:07:00,2025-11-08 10:08:00,10:08,16,79,0,0
2025-11-08 10:08:00,2025-11-08 10:09:00,10:09,38,79,4,0
2025-11-08 10:09:00,2025-11-08 10:10:00,10:10,23,46,1,0
2025-11-08 10:10:00,2025-11-08 22:06:00,10:53,0,0,0,1
2025-11-08 11:00:00,2025-11-08 23:01:00,11:01,29,95,1,0
2025-11-08 12:00:00,2025-11-08 12:01:00,12:01,34,35,1,0
2025-11-08 12:01:00,2025-11-08 12:02:00,12:02,26,82,0,0
2025-11-08 12:02:00,2025-11-08 12:03:00,12:03,38,51,1,0
2025-11-08 12:03:00,2025-11-08 12:04:00,12:04,24,37,0,0
2025-11-08 12:04:00,2025-11-08 12:05:00,12:05,27,83,0,0
2025-11-08 12:05:00,2025-11-08 12:06:00,12:06,32,65,0,0
2025-11-08 12:06:00,2025-11-08 12:07:00,12:07,23,29,2,0
2025-11-08 12:07:00,2025-11-08 12:08:00,12:08,21,101,0,0
2025-11-08 12:08:00,2025-11-08 12:09:00,12:09,32,60,1,0
2025-11-08 12:09:00,2025-11-08 12:10:00,12:10,25,45,0,0
2025-11-08 13:00:00,2025-11-08 13:01:00,01:01,24,106,1,0
2025-11-08 13:01:00,2025-11-08 13:02:00,01:02,41,45,0,0
2025-11-08 13:02:00,2025-11-08 13:03:00,01:03,22,62,2,0
2025-11-08 13:03:00,2025-11-08 13:04:00,01:04,31,73,1,0
2025-11-08 13:04:00,2025-11-08 13:05:00,01:05,38,49,0,0
2025-11-08 13:05:00,2025-11-08 13:06:00,01:06,29,94,1,0
2025-11-08 13:06:00,2025-11-08 13:07:00,01:07,33,84,0,0
2025-11-08 13:07:00,2025-11-08 13:08:00,01:08,30,35,1,0
2025-11-08 13:08:00,2025-11-08 13:09:00,01:09,29,131,1,0
2025-11-08 13:09:00,2025-11-08 13:10:00,01:10,35,64,3,0
2025-11-08 14:00:00,2025-11-08 14:01:00,02:01,29,39,0,0
2025-11-08 14:01:00,2025-11-08 14:02:00,02:02,45,110,1,0
2025-11-08 14:02:00,2025-11-08 14:03:00,02:03,37,70,0,0
2025-11-08 14:03:00,2025-11-08 14:04:00,02:04,32,60,0,0
2025-11-08 14:04:00,2025-11-08 14:05:00,02:05,32,85,0,0
2025-11-08 14:05:00,2025-11-08 14:06:00,02:06,28,72,0,0
2025-11-08 14:06:00,2025-11-08 14:07:00,02:07,26,39,0,0
2025-11-08 14:07:00,2025-11-08 14:10:00,02:10,17,83,0,0
2025-11-08 16:00:00,2025-11-08 16:03:00,04:03,0,0,0,1
2025-11-08 16:03:00,2025-11-08 16:06:00,04:06,0,0,0,1
2025-11-08 16:06:00,2025-11-08 16:09:00,04:09,0,0,0,1
2025-11-08 16:09:00,2025-11-08 17:00:00,04:57,0,0,0,1
2025-11-08 17:00:00,2025-11-08 17:01:00,05:01,12,21,0,1
2025-11-08 17:01:00,2025-11-08 17:02:00,05:02,33,38,0,0
2025-11-08 17:02:00,2025-11-08 17:03:00,05:03,36,86,0,0
2025-11-08 17:03:00,2025-11-08 17:04:00,05:04,36,37,0,0
2025-11-08 17:04:00,2025-11-08 17:05:00,05:05,23,39,0,0
2025-11-08 17:05:00,2025-11-08 17:06:00,05:06,34,126,0,0
2025-11-08 17:06:00,2025-11-08 17:07:00,05:07,25,34,1,0
2025-11-08 17:07:00,2025-11-08 17:08:00,05:08,28,76,0,0
2025-11-08 17:08:00,2025-11-08 17:09:00,05:09,27,68,0,0
2025-11-08 17:09:00,2025-11-08 17:10:00,05:10,33,40,0,0
2025-11-08 18:00:00,2025-11-08 18:01:00,06:01,1,26,0,1
2025-11-08 18:00:00,2025-11-08 18:01:00,06:01,25,21,0,0
2025-11-08 18:01:00,2025-11-08 18:02:00,06:02,12,98,0,0
2025-11-08 18:01:00,2025-11-08 18:02:00,06:02,2,72,0,1
2025-11-08 18:02:00,2025-11-08 23:03:00,06:03,0,41,0,1
2025-11-08 18:02:00,2025-11-08 18:03:00,06:03,36,72,0,0
2025-11-08 18:03:00,2025-11-08 18:04:00,06:04,16,34,0,1
2025-11-08 18:03:00,2025-11-08 18:04:00,06:04,12,65,0,0
2025-11-08 18:04:00,2025-11-08 18:05:00,06:05,27,79,0,0
2025-11-08 18:04:00,2025-11-08 18:05:00,06:05,1,51,0,1
2025-11-08 18:05:00,2025-11-08 18:06:00,06:06,28,67,0,0
2025-11-08 18:05:00,2025-11-08 18:06:00,06:06,0,31,0,1
2025-11-08 18:06:00,2025-11-08 18:07:00,06:07,22,47,0,0
2025-11-08 18:06:00,2025-11-08 18:07:00,06:07,63,360,0,0
2025-11-08 18:07:00,2025-11-08 18:08:00,06:08,29,70,3,0
2025-11-08 18:07:00,2025-11-08 18:08:00,06:08,0,41,0,1
2025-11-08 18:08:00,2025-11-08 18:09:00,06:09,25,60,0,0
2025-11-08 18:08:00,2025-11-08 23:09:00,06:09,1,42,0,1
2025-11-08 18:09:00,2025-11-08 18:10:00,06:10,30,57,0,0
2025-11-08 18:09:00,2025-11-08 23:10:00,06:10,12,97,0,0
2025-11-08 19:00:00,2025-11-08 19:01:00,07:01,19,32,0,1
2025-11-08 19:01:00,2025-11-08 19:02:00,07:02,29,113,0,0
2025-11-08 19:02:00,2025-11-08 19:03:00,07:03,25,45,1,0
2025-11-08 19:03:00,2025-11-08 19:04:00,07:04,30,51,0,0
2025-11-08 19:04:00,2025-11-08 19:05:00,07:05,28,59,0,0
2025-11-08 19:05:00,2025-11-08 19:06:00,07:06,28,56,0,0
2025-11-08 19:06:00,2025-11-08 19:07:00,07:07,11,47,0,1
2025-11-08 19:07:00,2025-11-08 19:08:00,07:08,27,74,0,0
2025-11-08 19:08:00,2025-11-08 19:09:00,07:09,23,62,1,0
2025-11-08 19:09:00,2025-11-08 19:10:00,07:10,23,93,0,0
2025-11-08 20:00:00,2025-11-08 20:01:00,08:01,21,76,0,0
2025-11-08 20:01:00,2025-11-08 20:02:00,08:02,16,67,0,0
2025-11-08 20:02:00,2025-11-08 20:03:00,08:03,22,75,0,0
2025-11-08 20:03:00,2025-11-08 20:04:00,08:04,24,48,1,0
2025-11-08 20:04:00,2025-11-08 20:05:00,08:05,19,61,0,0
2025-11-08 20:05:00,2025-11-08 20:06:00,08:06,18,73,0,0
2025-11-08 20:06:00,2025-11-08 20:07:00,08:07,19,68,0,0
2025-11-08 20:07:00,2025-11-08 20:08:00,08:08,24,111,0,0
2025-11-08 20:08:00,2025-11-08 20:09:00,08:09,15,93,0,0
2025-11-08 20:09:00,2025-11-08 20:10:00,08:10,19,63,0,0
2025-11-08 21:00:00,2025-11-08 21:01:00,09:01,17,59,3,0
2025-11-08 21:01:00,2025-11-08 21:02:00,09:02,23,88,0,0
2025-11-08 21:02:00,2025-11-08 21:03:00,09:03,23,83,1,0
2025-11-08 21:03:00,2025-11-08 21:04:00,09:04,24,80,0,0
2025-11-08 21:04:00,2025-11-08 21:05:00,09:05,25,48,0,0
2025-11-08 21:05:00,2025-11-08 21:06:00,09:06,19,85,0,0
2025-11-08 21:06:00,2025-11-08 21:07:00,09:07,19,69,0,0
2025-11-08 21:07:00,2025-11-08 21:08:00,09:08,24,88,0,0
2025-11-08 21:08:00,2025-11-08 21:09:00,09:09,16,42,0,1
2025-11-08 21:09:00,2025-11-08 21:10:00,09:10,13,49,1,0
2025-11-08 21:10:00,2025-11-08 22:01:00,09:57,0,0,0,1
2025-11-08 22:00:00,2025-11-08 22:01:00,10:01,13,48,0,1
2025-11-08 22:01:00,2025-11-08 22:02:00,10:02,17,43,0,1
2025-11-08 22:02:00,2025-11-08 22:03:00,10:03,33,102,1,0
2025-11-08 22:02:00,2025-11-08 22:03:00,10:03,0,1,0,1
2025-11-08 22:03:00,2025-11-08 22:04:00,10:04,6,27,0,1
2025-11-08 22:03:00,2025-11-08 22:02:00,10:02,14,43,0,1
2025-11-08 22:06:00,2025-11-08 22:07:00,10:07,5,33,0,1
2025-11-08 22:07:00,2025-11-08 22:08:00,10:08,17,76,0,0
2025-11-08 22:07:00,2025-11-08 22:08:00,10:08,4,26,0,1
2025-11-08 22:08:00,2025-11-08 22:09:00,10:09,33,75,0,0
2025-11-08 22:08:00,2025-11-08 22:09:00,10:09,4,21,0,1
2025-11-08 22:09:00,2025-11-08 22:10:00,10:10,17,88,0,0
2025-11-08 22:09:00,2025-11-08 22:10:00,10:10,3,19,0,1
2025-11-08 22:09:00,2025-11-08 22:07:00,10:07,0,0,0,1
2025-11-08 22:10:00,2025-11-08 22:09:00,10:09,0,0,0,1
2025-11-08 23:00:00,2025-11-08 23:01:00,11:01,14,51,1,0
2025-11-08 23:01:00,2025-11-08 23:02:00,11:02,19,73,0,0
2025-11-08 23:02:00,2025-11-08 18:03:00,11:03,18,78,0,0
2025-11-08 23:03:00,2025-11-08 23:06:00,11:06,0,5,0,1
2025-11-08 23:05:00,2025-11-08 23:09:00,11:09,1,7,0,1
2025-11-08 23:06:00,2025-11-08 23:07:00,11:07,4,22,0,1
2025-11-08 23:07:00,2025-11-08 23:08:00,11:08,14,84,0,0
2025-11-08 23:08:00,2025-11-08 18:09:00,11:09,19,71,0,0
2025-11-08 23:09:00,2025-11-08 23:06:00,11:06,1,38,0,1
2025-11-08 23:09:00,2025-11-09 06:10:00,11:10,0,4,0,1
2025-11-08 23:10:00,2025-11-08 23:05:00,11:05,0,0,0,1
2025-11-09 00:00:00,2025-11-09 00:01:00,12:01,9,31,0,1
2025-11-09 00:01:00,2025-11-09 00:02:00,12:02,10,43,0,1
2025-11-09 00:02:00,2025-11-09 07:03:00,12:03,16,80,1,0
2025-11-09 00:03:00,2025-11-09 00:01:00,12:01,0,23,0,1
2025-11-09 00:06:00,2025-11-09 00:07:00,12:07,1,7,0,1
2025-11-09 00:07:00,2025-11-09 00:08:00,12:08,10,66,0,1
2025-11-09 00:08:00,2025-11-09 07:09:00,12:09,15,43,0,1
2025-11-09 00:09:00,2025-11-09 00:06:00,12:06,2,44,0,1
2025-11-09 01:00:00,2025-11-09 09:00:00,01:57,2,1,0,1
2025-11-09 01:00:00,2025-11-09 01:01:00,01:01,4,16,0,1
2025-11-09 01:01:00,2025-11-09 01:02:00,01:02,9,25,0,1
2025-11-09 01:02:00,2025-11-09 08:03:00,01:03,12,43,0,1
2025-11-09 01:03:00,2025-11-09 01:04:00,01:04,2,7,0,1
2025-11-09 01:04:00,2025-11-09 01:05:00,01:05,3,42,1,1
2025-11-09 01:05:00,2025-11-09 08:06:00,01:06,2,32,0,1
2025-11-09 01:06:00,2025-11-09 01:07:00,01:07,0,2,0,1
2025-11-09 01:06:00,2025-11-09 01:03:00,01:03,0,4,0,1
2025-11-09 01:07:00,2025-11-09 01:08:00,01:08,4,32,0,1
2025-11-09 01:08:00,2025-11-09 08:09:00,01:09,4,34,0,1
2025-11-09 01:09:00,2025-11-09 01:06:00,01:06,0,33,0,1
2025-11-09 02:00:00,2025-11-09 02:01:00,02:01,4,13,0,1
2025-11-09 02:00:00,2025-11-09 10:00:00,02:57,1,1,0,1
2025-11-09 02:01:00,2025-11-09 02:02:00,02:02,2,34,0,1
2025-11-09 02:02:00,2025-11-09 09:03:00,02:03,6,23,0,1
2025-11-09 02:03:00,2025-11-09 02:04:00,02:04,1,3,0,1
2025-11-09 02:04:00,2025-11-09 02:05:00,02:05,4,17,0,1
2025-11-09 02:05:00,2025-11-09 09:06:00,02:06,8,15,0,1
2025-11-09 02:06:00,2025-11-09 02:03:00,02:03,4,18,0,1
2025-11-09 02:06:00,2025-11-09 02:07:00,02:07,0,2,0,1
2025-11-09 02:07:00,2025-11-09 02:08:00,02:08,8,20,0,1
2025-11-09 02:08:00,2025-11-09 09:09:00,02:09,3,27,0,1
2025-11-09 02:09:00,2025-11-09 02:06:00,02:06,4,38,0,1
2025-11-09 02:10:00,2025-11-09 10:01:00,02:11,4,15,0,1
2025-11-09 03:00:00,2025-11-09 03:01:00,03:01,0,16,0,1
2025-11-09 03:01:00,2025-11-09 03:02:00,03:02,4,23,0,1
2025-11-09 03:02:00,2025-11-09 10:03:00,03:03,7,25,0,1
2025-11-09 03:03:00,2025-11-09 03:04:00,03:04,2,7,0,1
2025-11-09 03:04:00,2025-11-09 03:05:00,03:05,2,20,0,1
2025-11-09 03:05:00,2025-11-09 10:06:00,03:06,4,20,0,1
2025-11-09 03:06:00,2025-11-09 03:07:00,03:07,1,4,0,1
2025-11-09 03:06:00,2025-11-09 03:03:00,03:03,5,4,0,1
2025-11-09 03:07:00,2025-11-09 03:08:00,03:08,4,12,0,1
2025-11-09 03:08:00,2025-11-09 10:09:00,03:09,4,8,0,1
2025-11-09 03:09:00,2025-11-09 03:06:00,03:06,9,10,0,1
2025-11-09 03:09:00,2025-11-09 10:10:00,03:10,0,2,0,1
2025-11-09 03:10:00,2025-11-09 03:09:00,03:09,0,0,0,1
2025-11-09 04:00:00,2025-11-09 04:01:00,04:01,0,19,0,1
2025-11-09 04:01:00,2025-11-09 04:02:00,04:02,3,12,0,1
2025-11-09 04:02:00,2025-11-09 11:03:00,04:03,6,17,0,1
2025-11-09 04:03:00,2025-11-09 04:04:00,04:04,2,15,0,1
2025-11-09 04:04:00,2025-11-09 04:05:00,04:05,3,10,0,1
2025-11-09 04:05:00,2025-11-09 11:06:00,04:06,3,21,0,1
2025-11-09 04:06:00,2025-11-09 04:03:00,04:03,10,20,0,1
2025-11-09 04:06:00,2025-11-09 04:07:00,04:07,5,5,0,1
2025-11-09 04:07:00,2025-11-09 04:08:00,04:08,4,14,1,1
2025-11-09 04:08:00,2025-11-09 11:09:00,04:09,2,16,0,1
2025-11-09 04:09:00,2025-11-09 04:06:00,04:06,10,18,0,1
2025-11-09 04:09:00,2025-11-09 11:10:00,04:10,0,8,0,1
2025-11-09 04:10:00,2025-11-09 04:09:00,04:09,0,0,0,1
2025-11-09 07:00:00,2025-11-09 07:01:00,07:01,4,104,0,0
2025-11-09 07:01:00,2025-11-09 07:02:00,07:02,8,118,0,0
2025-11-09 07:02:00,2025-11-09 00:03:00,07:03,6,130,0,0
2025-11-09 07:03:00,2025-11-09 07:04:00,07:04,7,109,0,0
2025-11-09 07:04:00,2025-11-09 07:05:00,07:05,1,108,0,0
2025-11-09 07:05:00,2025-11-09 07:06:00,07:06,3,143,0,0
2025-11-09 07:06:00,2025-11-09 07:07:00,07:07,38,280,0,0
2025-11-09 07:07:00,2025-11-09 07:08:00,07:08,4,154,0,0
2025-11-09 07:08:00,2025-11-09 00:09:00,07:09,8,86,0,0
2025-11-09 07:09:00,2025-11-09 00:10:00,07:10,17,100,0,0
2025-11-09 08:00:00,2025-11-09 08:01:00,08:01,0,27,0,1
2025-11-09 08:01:00,2025-11-09 08:02:00,08:02,3,51,0,1
2025-11-09 08:02:00,2025-11-09 01:03:00,08:03,0,36,0,1
2025-11-09 08:03:00,2025-11-09 08:04:00,08:04,2,47,0,1
2025-11-09 08:04:00,2025-11-09 08:05:00,08:05,0,21,0,1
2025-11-09 08:05:00,2025-11-09 01:06:00,08:06,0,42,0,1
2025-11-09 08:06:00,2025-11-09 08:07:00,08:07,8,52,0,1
2025-11-09 08:07:00,2025-11-09 08:08:00,08:08,0,49,0,1
2025-11-09 08:08:00,2025-11-09 01:09:00,08:09,1,35,0,1
2025-11-09 08:09:00,2025-11-09 01:10:00,08:10,6,49,0,1
2025-11-09 09:00:00,2025-11-09 09:01:00,09:01,10,47,0,1
2025-11-09 09:01:00,2025-11-09 09:02:00,09:02,2,37,0,1
2025-11-09 09:02:00,2025-11-09 02:03:00,09:03,7,22,0,1
2025-11-09 09:03:00,2025-11-09 09:04:00,09:04,7,29,0,1
2025-11-09 09:04:00,2025-11-09 09:05:00,09:05,10,115,0,0
2025-11-09 09:05:00,2025-11-09 02:06:00,09:06,28,98,0,0
2025-11-09 09:06:00,2025-11-09 09:07:00,09:07,18,38,0,1
2025-11-09 09:07:00,2025-11-09 09:08:00,09:08,3,23,0,1
2025-11-09 09:08:00,2025-11-09 02:09:00,09:09,15,97,0,0
2025-11-09 09:09:00,2025-11-09 02:10:00,09:10,9,68,0,1
2025-11-09 10:00:00,2025-11-09 10:01:00,10:01,2,4,0,1
2025-11-09 10:00:00,2025-11-09 10:01:00,10:01,3,21,0,1
2025-11-09 10:01:00,2025-11-09 10:00:00,10:00,2,0,0,1
2025-11-09 10:01:00,2025-11-09 10:02:00,10:02,10,66,0,1
2025-11-09 10:02:00,2025-11-09 03:03:00,10:03,29,71,0,0
2025-11-09 10:03:00,2025-11-09 03:06:00,10:06,40,159,1,0
2025-11-09 10:05:00,2025-11-09 10:09:00,10:09,0,0,0,1
2025-11-09 10:06:00,2025-11-09 10:07:00,10:07,18,21,0,1
2025-11-09 10:07:00,2025-11-09 10:08:00,10:08,16,69,0,0
2025-11-09 10:08:00,2025-11-09 03:09:00,10:09,30,86,0,0
2025-11-09 10:09:00,2025-11-09 10:05:00,10:05,2,16,0,1
2025-11-09 10:09:00,2025-11-09 03:10:00,10:10,4,17,0,1
2025-11-09 11:00:00,2025-11-09 11:06:00,11:06,0,3,0,1
2025-11-09 11:00:00,2025-11-09 11:01:00,11:01,29,57,0,0
2025-11-09 11:01:00,2025-11-09 11:02:00,11:02,14,39,0,1
2025-11-09 11:02:00,2025-11-09 04:03:00,11:03,16,37,0,1
2025-11-09 11:03:00,2025-11-09 04:06:00,11:06,55,111,0,0
2025-11-09 11:05:00,2025-11-09 11:09:00,11:09,1,0,0,1
2025-11-09 11:06:00,2025-11-09 11:07:00,11:07,13,41,0,1
2025-11-09 11:06:00,2025-11-09 11:00:00,11:00,0,1,0,1
2025-11-09 11:07:00,2025-11-09 11:08:00,11:08,17,32,0,1
2025-11-09 11:08:00,2025-11-09 04:09:00,11:09,18,37,0,1
2025-11-09 11:09:00,2025-11-09 04:10:00,11:10,10,22,0,1
2025-11-09 11:09:00,2025-11-09 11:05:00,11:05,3,3,0,1
2025-11-09 12:00:00,2025-11-09 12:01:00,12:01,9,28,0,1
2025-11-09 12:01:00,2025-11-09 12:02:00,12:02,24,70,0,0
2025-11-09 12:02:00,2025-11-09 12:03:00,12:03,26,54,1,0
2025-11-09 12:03:00,2025-11-09 12:04:00,12:04,14,31,1,1
2025-11-09 12:04:00,2025-11-09 12:05:00,12:05,29,79,1,0
2025-11-09 12:05:00,2025-11-09 12:06:00,12:06,32,41,0,0
2025-11-09 12:06:00,2025-11-09 12:07:00,12:07,22,29,0,0
2025-11-09 12:07:00,2025-11-09 12:08:00,12:08,24,93,0,0
2025-11-09 12:08:00,2025-11-09 12:09:00,12:09,34,52,1,0
2025-11-09 12:09:00,2025-11-09 12:10:00,12:10,17,34,0,1
2025-11-09 13:00:00,2025-11-09 13:01:00,01:01,29,43,0,0
2025-11-09 13:01:00,2025-11-09 13:02:00,01:02,14,33,0,1
2025-11-09 13:02:00,2025-11-09 13:03:00,01:03,13,56,0,1
2025-11-09 13:03:00,2025-11-09 13:04:00,01:04,22,52,0,0
2025-11-09 13:04:00,2025-11-09 13:05:00,01:05,23,34,1,0
2025-11-09 13:05:00,2025-11-09 13:06:00,01:06,16,60,0,0
2025-11-09 13:06:00,2025-11-09 13:07:00,01:07,29,31,1,0
2025-11-09 13:07:00,2025-11-09 13:08:00,01:08,20,42,0,0
2025-11-09 13:08:00,2025-11-09 13:09:00,01:09,15,77,0,0
2025-11-09 13:09:00,2025-11-09 13:10:00,01:10,31,21,0,0
2025-11-09 14:00:00,2025-11-09 14:01:00,02:01,14,32,2,1
2025-11-09 14:01:00,2025-11-09 14:02:00,02:02,37,40,0,0
2025-11-09 14:02:00,2025-11-09 14:03:00,02:03,26,19,0,0
2025-11-09 14:03:00,2025-11-09 14:04:00,02:04,12,59,0,1
2025-11-09 14:04:00,2025-11-09 14:05:00,02:05,27,30,1,0
2025-11-09 14:05:00,2025-11-09 14:06:00,02:06,27,31,2,0
2025-11-09 14:06:00,2025-11-09 14:07:00,02:07,11,47,0,1
2025-11-09 14:07:00,2025-11-09 14:08:00,02:08,24,44,1,0
2025-11-09 14:08:00,2025-11-09 14:09:00,02:09,39,39,0,0
2025-11-09 14:09:00,2025-11-09 14:10:00,02:10,18,41,1,0
2025-11-09 15:00:00,2025-11-09 15:01:00,03:01,23,20,0,1
2025-11-09 15:01:00,2025-11-09 15:02:00,03:02,11,25,0,1
2025-11-09 15:02:00,2025-11-09 15:03:00,03:03,20,55,0,0
2025-11-09 15:03:00,2025-11-09 15:04:00,03:04,22,31,1,0
2025-11-09 15:04:00,2025-11-09 15:05:00,03:05,14,37,0,1
2025-11-09 15:05:00,2025-11-09 15:06:00,03:06,33,53,0,0
2025-11-09 15:06:00,2025-11-09 15:07:00,03:07,22,27,0,1
2025-11-09 15:07:00,2025-11-09 15:08:00,03:08,23,49,0,0
2025-11-09 15:08:00,2025-11-09 15:09:00,03:09,25,42,0,0
2025-11-09 15:09:00,2025-11-09 15:10:00,03:10,22,29,0,0
2025-11-09 16:00:00,2025-11-09 16:01:00,04:01,14,51,0,1
2025-11-09 16:01:00,2025-11-09 16:02:00,04:02,16,62,0,0
2025-11-09 16:02:00,2025-11-09 16:03:00,04:03,40,38,0,0
2025-11-09 16:03:00,2025-11-09 16:04:00,04:04,11,56,0,1
2025-11-09 16:04:00,2025-11-09 16:05:00,04:05,38,50,1,0
2025-11-09 16:05:00,2025-11-09 16:06:00,04:06,21,19,0,1
2025-11-09 16:06:00,2025-11-09 16:07:00,04:07,21,62,0,0
2025-11-09 16:07:00,2025-11-09 16:08:00,04:08,33,39,0,0
2025-11-09 16:08:00,2025-11-09 16:09:00,04:09,21,53,0,0
2025-11-09 16:09:00,2025-11-09 16:10:00,04:10,24,55,0,0
2025-11-09 17:00:00,2025-11-09 17:01:00,05:01,23,26,0,0
2025-11-09 17:01:00,2025-11-09 17:02:00,05:02,22,38,0,0
2025-11-09 17:02:00,2025-11-09 17:03:00,05:03,28,92,0,0
2025-11-09 17:03:00,2025-11-09 17:04:00,05:04,24,51,1,0
2025-11-09 17:04:00,2025-11-09 17:05:00,05:05,18,62,0,0
2025-11-09 17:05:00,2025-11-09 17:06:00,05:06,36,68,0,0
2025-11-09 17:06:00,2025-11-09 17:07:00,05:07,19,30,1,0
2025-11-09 17:07:00,2025-11-09 17:08:00,05:08,16,77,0,0
2025-11-09 17:08:00,2025-11-09 17:09:00,05:09,26,46,1,0
2025-11-09 17:09:00,2025-11-09 17:10:00,05:10,20,37,0,0
2025-11-09 18:00:00,2025-11-09 18:01:00,06:01,22,52,0,0
2025-11-09 18:01:00,2025-11-09 18:02:00,06:02,15,88,0,0
2025-11-09 18:02:00,2025-11-09 18:03:00,06:03,31,53,1,0
2025-11-09 18:03:00,2025-11-09 18:04:00,06:04,2,22,0,1
2025-11-09 18:04:00,2025-11-09 18:05:00,06:05,15,79,0,0
2025-11-09 18:05:00,2025-11-09 18:06:00,06:06,31,60,1,0
2025-11-09 18:06:00,2025-11-09 18:07:00,06:07,12,34,0,1
2025-11-09 18:07:00,2025-11-09 18:08:00,06:08,18,74,0,0
2025-11-09 18:08:00,2025-11-09 18:09:00,06:09,22,72,0,0
2025-11-09 18:09:00,2025-11-09 18:10:00,06:10,17,35,1,0
2025-11-09 19:00:00,2025-11-09 19:01:00,07:01,30,62,0,0
2025-11-09 19:01:00,2025-11-09 19:02:00,07:02,20,59,0,0
2025-11-09 19:02:00,2025-11-09 19:03:00,07:03,19,71,0,0
2025-11-09 19:03:00,2025-11-09 19:04:00,07:04,22,53,0,0
2025-11-09 19:04:00,2025-11-09 19:05:00,07:05,21,48,3,0
2025-11-09 19:05:00,2025-11-09 19:06:00,07:06,23,61,0,0
2025-11-09 19:06:00,2025-11-09 19:07:00,07:07,17,73,0,0
2025-11-09 19:07:00,2025-11-09 19:08:00,07:08,33,57,0,0
2025-11-09 19:08:00,2025-11-09 19:09:00,07:09,28,79,0,0
